Brand,Model,Variant,Engine
ALFA ROMEO,146,TI T.SPARK,2000
ALFA ROMEO,147,NO_VARIANT,2000
ALFA ROMEO,GIULIA,QUADRIFOGLIO,2900
ALFA ROMEO,GIULIETTA,MULTIAIR,1400
ALFA ROMEO,STELVIO,Q4 SPECIALE,2000
ALPINE,A110,S,1800
ASTON MARTIN,DB11,V12,5200
ASTON MARTIN,DB7,VANTAGE,5900
ASTON MARTIN,DBS,SUPERLEGGERA,5200
ASTON MARTIN,DBS,VOLANTE,5900
ASTON MARTIN,DBX,707,4000
ASTON MARTIN,RAPIDE,S,5900
ASTON MARTIN,V12,VANTAGE CARBON BLACK,5900
ASTON MARTIN,VANTAGE,NO_VARIANT,4000
AUDI,A1,SPORTBACK TFSI,1400
AUDI,A1,TFSI,1400
AUDI,A1,TFSI S LINE,1400
AUDI,A3,TFSI SPORTBACK,1000
AUDI,A3,TFSI,1400
AUDI,A3,TFSI CARBON EDITION,1400
AUDI,A3,TFSI QUATTRO,1800
AUDI,A4,TFSI,1400
AUDI,A4,TFSI,1800
AUDI,A4,TFSI S LINE,1800
AUDI,A4,SPORT TFSI QUATTRO,2000
AUDI,A4,TFSI,2000
AUDI,A4,TFSI QUATTRO,2000
AUDI,A4,TFSI QUATTRO S LINE,2000
AUDI,A4,TFSI S LINE,2000
AUDI,A4,TFSI TECH PACK,2000
AUDI,A5,TFSI,1800
AUDI,A5,S LINE BLACK EDT TFSI QUT A,2000
AUDI,A5,TFSI,2000
AUDI,A5,TFSI QUATTRO S LINE,2000
AUDI,A5,TFSI QUATTRO S LINE SPORTBACK,2000
AUDI,A5,TFSI QUATTRO SPORTBACK ADVANCED,2000
AUDI,A5,TFSI QUATTRO SPORTBACK SPORT,2000
AUDI,A5,TFSI QUATTRO SPORTBACK,2000
AUDI,A5,TFSI S LINE SPORTBACK,2000
AUDI,A5,TFSI SPORTBACK,2000
AUDI,A6,TFSI,1800
AUDI,A6,TFSI,2000
AUDI,A6,TFSI HYBRID,2000
AUDI,A6,TFSI QUATTRO,3000
AUDI,A6,TFSI S LINE QUATTRO,3000
AUDI,A6,TFSI SPORT,3000
AUDI,A6,FSI,3200
AUDI,A7,TFSI QUATTRO SPORTBACK,2000
AUDI,A7,TDI S LINE QUATTRO SPORTBACK,3000
AUDI,A7,TFSI QUATTRO S LINE SPORTBACK,3000
AUDI,A7,TFSI QUATTRO SPORTBACK,3000
AUDI,A8,L HYBRID,2000
AUDI,A8,L TFSI QUATTRO,3000
AUDI,A8,L TFSI QUATTRO,4000
AUDI,A8,L FSI QUATTRO,4200
AUDI,A8L,TFSI QUATTRO,3000
AUDI,E-TRON,50 QUATTRO SPORTBACK,0
AUDI,E-TRON,55 QUATTRO SPORTBACK,0
AUDI,Q2,TFSI,1400
AUDI,Q3,TFSI,1400
AUDI,Q3,TFSI ADVANCED,1400
AUDI,Q3,TFSI SPORTBACK,1500
AUDI,Q3,TFSI QUATTRO,2000
AUDI,Q3,TFSI QUATTRO SPORTBACK,2000
AUDI,Q4 E-TRON,40 EDITION 1,0
AUDI,Q5,TFSI QUATTRO,2000
AUDI,Q5,TFSI QUATTRO S LINE,2000
AUDI,Q5,TFSI SPORTBACK,2000
AUDI,Q5,TFSI SPORT,2000
AUDI,Q7,TDI QUATTRO,3000
AUDI,Q7,TDI QUATTRO S LINE,3000
AUDI,Q7,TFSI QUATTRO,3000
AUDI,Q7,TFSI QUATTRO LUXURY EDITION,3000
AUDI,Q7,FSI QUATTRO S LINE,3600
AUDI,Q7,FSI QUATTRO,4200
AUDI,Q7,FSI QUATTRO S LINE,4200
AUDI,Q8,TFSI,0
AUDI,Q8,50 TDI QUATTRO S LINE,3000
AUDI,Q8,TFSI,3000
AUDI,Q8,TFSI S LINE,3000
AUDI,Q8,TFSI,4000
AUDI,R8,FSI QUATTRO,4200
AUDI,R8,FSI QUATTRO,5200
AUDI,R8,V10,5200
AUDI,R8,V10 PERFORMANCE,5200
AUDI,RS,NO_VARIANT,0
AUDI,RS E TRON,NO_VARIANT,0
AUDI,RS E TRON GT,NO_VARIANT,0
AUDI,RS E-TRON GT,NO_VARIANT,0
AUDI,RS Q8,BLACK EDITION,4000
AUDI,RS Q8,CARBON PACKAGE,4000
AUDI,RS Q8,VORSPRUNG,4000
AUDI,RS3,BLACK EDITION,2500
AUDI,RS3,SPORTBACK,2500
AUDI,RS4,NO_VARIANT,2900
AUDI,RS5,SPORTBACK,2900
AUDI,RS6,NO_VARIANT,4000
AUDI,S3,SPORTBACK,2000
AUDI,S4,NO_VARIANT,3000
AUDI,S5,SPORTBACK,3000
AUDI,S5,TFSI QUATTRO,3000
AUDI,S5,TFSI QUATTRO BLACK EDITION,3000
AUDI,S5,TFSI QUATTRO SPORTBACK,3000
AUDI,S5,TFSI QUATTRO SPORTBACK BLACK EDIT,3000
AUDI,S5,FSI QUATTRO,4200
AUDI,S6,NO_VARIANT,4000
AUDI,S7,NO_VARIANT,4000
AUDI,S8,NO_VARIANT,4000
AUDI,TT,TFSI QUATTRO,1800
AUDI,TT,S TFSI QUATTRO,2000
AUDI,TT,TFSI,2000
AUDI,TT,TFSI 211 HP,2000
AUDI,TT,TFSI S LINE,2000
AUDI,TT,RS,2500
AUDI,TT,QUATTRO,3200
AUDI,TTRS,NOGARO ED TFSI QUAT S-A,2500
AUDI,TTS,BLACK EDITION,2000
AUSTIN,MINI CLUBMAN,NO_VARIANT,1000
AUSTIN,MORRIS,NO_VARIANT,1000
BAIC,BJ40 PLUS,NO_VARIANT,2000
BENTLEY,BENTAYGA,V8,0
BENTLEY,BENTAYGA,AZURE EWB,4000
BENTLEY,BENTAYGA,DESIGN SERIES V8,4000
BENTLEY,BENTAYGA,FIRST EDITION V8,4000
BENTLEY,BENTAYGA,S V8,4000
BENTLEY,BENTAYGA,V8,4000
BENTLEY,BENTAYGA,W12,6000
BENTLEY,BROOKLANDS,NO_VARIANT,6800
BENTLEY,CONTINENTAL,SUPERSPORTS,4000
BENTLEY,CONTINENTAL,FLYING SPUR,6000
BENTLEY,CONTINENTAL,GT,6000
BENTLEY,CONTINENTAL,SUPERSPORTS,6000
BENTLEY,CONTINENTAL FLYING SPUR,NO_VARIANT,6000
BENTLEY,CONTINENTAL GT,V8,4000
BENTLEY,CONTINENTAL GT,V8 MULLINER,4000
BENTLEY,CONTINENTAL GT,V8 S,4000
BENTLEY,CONTINENTAL GT,BLACK SPEED,6000
BENTLEY,CONTINENTAL GT,SPEED,6000
BENTLEY,CONTINENTAL GT,W12,6000
BENTLEY,FLYING SPUR,V8,4000
BENTLEY,FLYING SPUR,V8 FIRST EDITION,4000
BENTLEY,FLYING SPUR,V8 MULLINER,4000
BENTLEY,FLYING SPUR,W12,6000
BENTLEY,FLYING SPUR,W12 FIRST EDITION,6000
BENTLEY,GT,NO_VARIANT,4000
BENTLEY,GT,NO_VARIANT,6000
BENTLEY,MULSANNE,SPEED,6700
BENTLEY,MULSANNE,SPEED,6800
BMW,1 SERIES,118I,1500
BMW,1 SERIES,116I,1600
BMW,1 SERIES,118I,1600
BMW,1 SERIES,120I,1600
BMW,1 SERIES,118I,2000
BMW,1 SERIES,125I,2000
BMW,1 SERIES,135I,3000
BMW,118I,NO_VARIANT,1600
BMW,2 SERIES,218I,1300
BMW,2 SERIES,218I,1500
BMW,2 SERIES,218I,1600
BMW,2 SERIES,220I,2000
BMW,2 SERIES,M235I,2000
BMW,2 SERIES,M240I,3000
BMW,2 SERIES,218I,5000
BMW,218I,ACTIVE TOURER,1500
BMW,218I,M SPORT,1500
BMW,3 SERIES,320I,0
BMW,3 SERIES,318I,1500
BMW,3 SERIES,316I,1600
BMW,3 SERIES,318I,1800
BMW,3 SERIES,318I,1900
BMW,3 SERIES,318I,2000
BMW,3 SERIES,320D,2000
BMW,3 SERIES,320I,2000
BMW,3 SERIES,328I,2000
BMW,3 SERIES,330LI,2000
BMW,3 SERIES,330E,2000
BMW,3 SERIES,330I,2000
BMW,3 SERIES,323I,2500
BMW,3 SERIES,325I,2500
BMW,3 SERIES,328CI,2800
BMW,3 SERIES,325I,3000
BMW,3 SERIES,330CI,3000
BMW,3 SERIES,330I,3000
BMW,3 SERIES,335I,3000
BMW,318I,LUXURY,1500
BMW,320I,LUXURY LINE,2000
BMW,320I,SPORT LINE,2000
BMW,328I,GT SPORT LINE,2000
BMW,330E,M SPORT,2000
BMW,4 SERIES,420I,2000
BMW,4 SERIES,428I,2000
BMW,4 SERIES,430I,2000
BMW,4 SERIES,420I,3000
BMW,5 SERIES,530I,1900
BMW,5 SERIES,520D,2000
BMW,5 SERIES,520I,2000
BMW,5 SERIES,523D,2000
BMW,5 SERIES,523I,2000
BMW,5 SERIES,528I,2000
BMW,5 SERIES,530E,2000
BMW,5 SERIES,530I,2000
BMW,5 SERIES,520I,2200
BMW,5 SERIES,523I,2500
BMW,5 SERIES,525I,2500
BMW,5 SERIES,528I,2800
BMW,5 SERIES,523I,3000
BMW,5 SERIES,525I,3000
BMW,5 SERIES,528I,3000
BMW,5 SERIES,530I,3000
BMW,5 SERIES,535I,3000
BMW,5 SERIES,545I,4400
BMW,5 SERIES,550I,4400
BMW,528I,M SPORT,2000
BMW,6 SERIES,630I,2000
BMW,6 SERIES,630CI,3000
BMW,6 SERIES,630I,3000
BMW,6 SERIES,640I,3000
BMW,630I,GT M SPORT,2000
BMW,640I,NO_VARIANT,3000
BMW,7 SERIES,730LI,2000
BMW,7 SERIES,740LE,2000
BMW,7 SERIES,730LD,3000
BMW,7 SERIES,730LI,3000
BMW,7 SERIES,740LE,3000
BMW,7 SERIES,740LI,3000
BMW,7 SERIES,740I,3000
BMW,7 SERIES,750E,3000
BMW,7 SERIES,750I,4400
BMW,8 SERIES,840I,3000
BMW,8 SERIES,840I,4400
BMW,840I,NO_VARIANT,3000
BMW,I,I4,0
BMW,I,I5,0
BMW,I,I7,0
BMW,I,IX,0
BMW,I,IX1,0
BMW,I,IX2,0
BMW,I,IX3,0
BMW,I,I8,1500
BMW,I4,NO_VARIANT,0
BMW,I7,NO_VARIANT,0
BMW,I8,NO_VARIANT,1500
BMW,IX 40,NO_VARIANT,0
BMW,M,M135I,2000
BMW,M,1 SERIES M,3000
BMW,M,M140I,3000
BMW,M,M2,3000
BMW,M,M3,3000
BMW,M,M340I,3000
BMW,M,M4,3000
BMW,M,M440I,3000
BMW,M,M3,3200
BMW,M,M3,4000
BMW,M,M5,4400
BMW,M,M6,4400
BMW,M,M8,4400
BMW,M,M850I,4400
BMW,M,M5,5000
BMW,M,M6,5000
BMW,M1,NO_VARIANT,2000
BMW,M2,NO_VARIANT,3000
BMW,M3,NO_VARIANT,3000
BMW,M3,NO_VARIANT,4000
BMW,M340I,NO_VARIANT,3000
BMW,M4,NO_VARIANT,3000
BMW,M5,NO_VARIANT,4400
BMW,M8,NO_VARIANT,4000
BMW,M8,NO_VARIANT,4400
BMW,M850I,NO_VARIANT,4400
BMW,MINI COOPER,NO_VARIANT,1600
BMW,MINI COOPERS S 1.6,NO_VARIANT,1600
BMW,X,X1,1500
BMW,X,X1,2000
BMW,X,X2,2000
BMW,X,X3,2000
BMW,X,X4,2000
BMW,X,X5,2000
BMW,X,X3,2500
BMW,X,X3,3000
BMW,X,X4,3000
BMW,X,X5,3000
BMW,X,X6,3000
BMW,X,X7,3000
BMW,X,X5,4400
BMW,X,X6,4400
BMW,X,XM,4400
BMW,X1,XDRIVE20D,1500
BMW,X1,SDRIVE20I SPORT LINE,2000
BMW,X1,XDRIVE20D,2000
BMW,X2,NO_VARIANT,2000
BMW,X3,SDRIVE20I X-LINE,2000
BMW,X4,NO_VARIANT,0
BMW,X4,NO_VARIANT,2000
BMW,X5,NO_VARIANT,0
BMW,X5,NO_VARIANT,2000
BMW,X5,NO_VARIANT,3000
BMW,X5 M,NO_VARIANT,2000
BMW,X5 M,NO_VARIANT,4400
BMW,X6,NO_VARIANT,2000
BMW,X6,NO_VARIANT,3000
BMW,X6 M,NO_VARIANT,4000
BMW,X6 M,NO_VARIANT,4400
BMW,Z,Z3,1900
BMW,Z,Z4,2000
BMW,Z,Z4,2500
BMW,Z,Z4,3000
BMW,Z3,NO_VARIANT,1900
BMW,Z4,NO_VARIANT,2000
BMW,Z4,NO_VARIANT,2800
BMW,Z4,NO_VARIANT,3000
BOON KOON,CERGAS,G EDITION,3000
BRAND,NEW CAF GRANMAX MODEL 2022 LUTONBOXVAN,NO_VARIANT,1000
BRAND,NEW CAF GRANMAXMODEL 2022 FOODTRUCK,NO_VARIANT,1000
BYD,ATTO 3,EXTENDED RANGE,0
BYD,ATTO 3,STANDARD RANGE,0
BYD,ATTO 3,EXTENDED RANGE,3000
BYD,DOLPHIN,DYNAMIC,0
BYD,DOLPHIN,PREMIUM,0
BYD,M6,EXTENDED RANGE,0
BYD,M6,STANDARD RANGE,0
BYD,SEAL,DYNAMIC SR,0
BYD,SEAL,PERFORMANCE,0
BYD,SEAL,PREMIUM ER,0
BYD,SEALION 7,PERFORMANCE,0
BYD,SEALION 7,PREMIUM,0
CADILLAC,CTS,NO_VARIANT,3500
CADILLAC,ESCALADE,PLATINUM,6200
CAM,KINGO,HIGH ROOF WINDOW VAN,2400
CAM,KINGO,HIGH ROOF WINDOW VAN,3000
CAM,PLACER X,WINDOW VAN,2500
CAM,PLACER X,HIGH ROOF WINDOW VAN,3000
CAM,PLACER X,WINDOW,3000
CAM,PLACER-X A4,NO_VARIANT,2400
CAM,PLACER-X A4,NO_VARIANT,2500
CHANA,ERA STAR II,PANEL,1200
CHANA,ERA STAR II,PASAR MALAM,1200
CHANGAN,ERA STAR,SC1022BB13D,1300
CHERY,EASTAR,ES PREMIUM,2000
CHERY,EASTAR,ST PREMIUM,2000
CHERY,H5,NO_VARIANT,2000
CHERY,H5 (H13),NO_VARIANT,2000
CHERY,MAXIME,PREMIUM,2000
CHERY,OMODA 5,H,0
CHERY,OMODA 5,C,1500
CHERY,OMODA 5,H,1500
CHERY,OMODA E5,NO_VARIANT,0
CHERY,TIGGO,NO_VARIANT,1600
CHERY,TIGGO 7 PRO,NO_VARIANT,1600
CHERY,TIGGO 8 PRO,PREMIUM,2000
CHERY,TRANSCOM,TCI WINDOW,2000
CHEVROLET,CAMARO,TRANSFORMER EDITION,2000
CHEVROLET,CAMARO,RS,3600
CHEVROLET,CAPTIVA,LT,2000
CHEVROLET,CAPTIVA,LTZ,2000
CHEVROLET,CAPTIVA,LTZ,2400
CHEVROLET,COLORADO,LTZ DUAL CAB,2500
CHEVROLET,COLORADO,X DUAL CAB,2500
CHEVROLET,COLORADO,LTZ DUAL CAB,2800
CHEVROLET,COLORADO,LTZ SPORT EDITION DUAL CAB,2800
CHEVROLET,CORVETTE,STINGRAY 3LT,6200
CHEVROLET,CORVETTE,Z06,6200
CHEVROLET,CRUZE,LT,1800
CHEVROLET,CRUZE,LT SPORT,1800
CHEVROLET,CRUZE,SE,1800
CHEVROLET,MALIBU,LTZ,2400
CHEVROLET,ORLANDO,LT,1800
CHEVROLET,SONIC,LTZ,1400
CHEVROLET,SONIC,LTZ,1600
CHRYSLER,CROSSFIRE,NO_VARIANT,3200
CITROEN,C3 AIRCROSS,PURE TECH,1200
CITROEN,C4 PICASSO,L2 SEDUCTION,1600
CITROEN,DS4,THP,1600
CITROEN,DS5,THP,1600
CITROEN,DS7,PERFORMANCE LINE CROSSBACK,1600
CITROEN,GRAND C4 PICASSO,GRAND PICASSO THP163,1600
DAIHATSU,CANBUS,NO_VARIANT,700
DAIHATSU,COPEN,CERO,700
DAIHATSU,DELTA,V58R-HS,2800
DAIHATSU,DELTA,V116-HA,3700
DAIHATSU,FEROZA,VOYAGER,1600
DAIHATSU,GRAN MAX,ALUMINIUM HAWKER,1500
DAIHATSU,GRAN MAX,BOX,1500
DAIHATSU,GRAN MAX,FROZEN FOOD,1500
DAIHATSU,GRAN MAX,LUTON/KOTAK,1500
DAIHATSU,GRAN MAX,LUTON,1500
DAIHATSU,GRAN MAX,MOBILE CAFE,1500
DAIHATSU,GRAN MAX,PANEL,1500
DAIHATSU,GRAN MAX,PICK UP,1500
DAIHATSU,GRAN MAX,SEMI PANEL,1500
DAIHATSU,GRAN MAX,STEEL CARGO,1500
DAIHATSU,GRAN MAX,UTILITY PICK-UP,1500
DAIHATSU,GRAN MAX,WINDOW VAN,1500
DAIHATSU,GRAN MAX,WOODEN CARGO,1500
DAIHATSU,MOVE,NO_VARIANT,700
DAIHATSU,MOVE CANBUS,G,700
DAIHATSU,MOVE CANBUS,G MAKEUP,700
DAIHATSU,MOVE CANBUS,STRIPES G,700
DAIHATSU,TAFT,G,700
DAIHATSU,TAFT 660 TURBO PANAROMIC GRED 5A LED,NO_VARIANT,700
DAIHATSU,TANTO CUSTOM,RS,700
DAIHATSU,V116-HA,NO_VARIANT,3700
DAIHATSU,V116-HU,NO_VARIANT,3700
DODGE,NITRO,NO_VARIANT,3700
DS AUTOMOBILES,DS 7,PERFORMANCE LINE,1600
FARID,PLACER X,FRD6600C,2500
FERRARI,296 GTB,NO_VARIANT,2900
FERRARI,296 GTB,NO_VARIANT,3000
FERRARI,360,MODENA F1,3600
FERRARI,430,NO_VARIANT,4300
FERRARI,458,NO_VARIANT,4500
FERRARI,458 ITALIA,NO_VARIANT,4500
FERRARI,458 SPECIALE,NO_VARIANT,4500
FERRARI,458 SPIDER,NO_VARIANT,4500
FERRARI,488,NO_VARIANT,3900
FERRARI,488,NO_VARIANT,4000
FERRARI,488 GTB,NO_VARIANT,3900
FERRARI,488 PISTA,NO_VARIANT,3900
FERRARI,488 SPIDER,NO_VARIANT,3900
FERRARI,812,NO_VARIANT,6500
FERRARI,812 SUPERFAST,NO_VARIANT,6500
FERRARI,CALIFORNIA,T,3900
FERRARI,CALIFORNIA,T,4300
FERRARI,F12,NO_VARIANT,6300
FERRARI,F12BERLINETTA,NO_VARIANT,6300
FERRARI,F430,SCUDERIA,4300
FERRARI,F430,SPIDER,4300
FERRARI,F8,NO_VARIANT,3900
FERRARI,F8 TRIBUTO,NO_VARIANT,3900
FERRARI,GTC4LUSSO,NO_VARIANT,6300
FERRARI,OTHER,NO_VARIANT,3000
FERRARI,OTHER,NO_VARIANT,3900
FERRARI,OTHER,NO_VARIANT,4000
FERRARI,PORTOFINO,NO_VARIANT,3900
FERRARI,ROMA,NO_VARIANT,3900
FERRARI,SF90 STRADALE,NO_VARIANT,4000
FIAT,500,ABARTH 595 TURISMO,1400
FIAT,500,ABARTH 595 ESSEESSE,1400
FIAT,ABARTH,595,1400
FORD,ECOSPORT,TITANIUM,1500
FORD,ECOSPORT,TREND,1500
FORD,ESCAPE,XLT ELITE,0
FORD,ESCAPE,XLT ELITE,2200
FORD,ESCAPE,XLT ELITE,2300
FORD,EVEREST,TITANIUM 4X4,2000
FORD,EVEREST,TITANIUM 4X4,2500
FORD,FIESTA,ECOBOOST S,1000
FORD,FIESTA,SPORT,1400
FORD,FIESTA,SPORT,1500
FORD,FIESTA,TITANIUM,1500
FORD,FIESTA,LX,1600
FORD,FIESTA,ST ECOBOOST,1600
FORD,FIESTA,SPORT,1600
FORD,FOCUS,TITANIUM,0
FORD,FOCUS,ECOBOOST SPORT PLUS,1500
FORD,FOCUS,ECOBOOST TITANIUM PLUS,1500
FORD,FOCUS,ECOBOOST TREND,1500
FORD,FOCUS,GHIA,2000
FORD,FOCUS,GHIA TDCI,2000
FORD,FOCUS,ST,2000
FORD,FOCUS,SPORT,2000
FORD,FOCUS,SPORT PLUS,2000
FORD,FOCUS,SPORT TDCI,2000
FORD,FOCUS,TITANIUM,2000
FORD,KUGA,ECOBOOST TITANIUM,1500
FORD,KUGA,ECOBOOST TITANIUM,1600
FORD,KUGA,ECOBOOST TITANIUM SE,1600
FORD,MONDEO,ECOBOOST,2000
FORD,MONDEO,ECOBOOST,2300
FORD,MUSTANG,HIGH PERFORMANCE,0
FORD,MUSTANG,ECOBOOST,2300
FORD,MUSTANG,HIGH PERFORMANCE,2300
FORD,MUSTANG,GT,5000
FORD,MUSTANG,GT YELLOW TRI-COAT,5000
FORD,MUSTANG MACH-E,NO_VARIANT,0
FORD,OTHER,NO_VARIANT,3000
FORD,RANGER,XLT HIGH RIDER DUAL CAB,0
FORD,RANGER,XLT HIGH RIDER DUAL CAB,1600
FORD,RANGER,RAPTOR DUAL CAB,2000
FORD,RANGER,RAPTOR HIGH RIDER DUAL CAB,2000
FORD,RANGER,RAPTOR X SPECIAL EDITION DUAL CAB,2000
FORD,RANGER,SPLASH LIMITED PLUS,2000
FORD,RANGER,WILDTRAK DUAL CAB,2000
FORD,RANGER,WILDTRAK HIGH RIDER DUAL CAB,2000
FORD,RANGER,WILDTRAK SPORT HIGH RIDER DUAL CAB,2000
FORD,RANGER,XL DUAL CAB,2000
FORD,RANGER,XLT,2000
FORD,RANGER,XLT DUAL CAB,2000
FORD,RANGER,XLT PLUS DUAL CAB,2000
FORD,RANGER,XLT+ HIGH RIDER DUAL CAB,2000
FORD,RANGER,XLT+ HIGH RIDER UPDATE DUAL CAB,2000
FORD,RANGER,XLT+ SPECIAL EDITION HIGH RIDER DUAL CAB,2000
FORD,RANGER,WILDTRAK HIGH RIDER DUAL CAB,2200
FORD,RANGER,XL 4WD,2200
FORD,RANGER,XL DUAL CAB,2200
FORD,RANGER,XL HI-RIDER DUAL CAB,2200
FORD,RANGER,XL HIGH RIDER DUAL CAB,2200
FORD,RANGER,XL HIGH RIDER SINGLE CAB,2200
FORD,RANGER,XL LO-RIDER DUAL CAB,2200
FORD,RANGER,XL SINGLE CAB,2200
FORD,RANGER,XLT DUAL CAB,2200
FORD,RANGER,XLT FX4 DUAL CAB,2200
FORD,RANGER,XLT HI-RIDER DUAL CAB,2200
FORD,RANGER,XLT HIGH RIDER DUAL CAB,2200
FORD,RANGER,DBL WLT,2500
FORD,RANGER,XLT DUAL CAB,2500
FORD,RANGER,RAPTOR DUAL CAB,3000
FORD,RANGER,WILDTRAK DUAL CAB,3200
FORD,RANGER,WILDTRAK HIGH RIDER DUAL CAB,3200
FORD,RANGER,WILDTRAK JET BLACK EDITION DUAL CAB,3200
FORD,RANGER,XLT HIGH RIDER DUAL CAB,3200
FORD,RANGER 2.0 WILDTRAK,NO_VARIANT,2000
FORD,S-MAX,ECOBOOST,2000
FORD,TRANSIT,WINDOW,2200
FOTON,VIEW,C2 PANEL,2000
FOTON,VIEW,C2 WINDOW,2000
FOTON,VIEW,CS2,2000
FOTON,VIEW,VIEW SEMI HIGH ROOF,2200
FOTON,VIEW,C2 PANEL,2800
FOTON,VIEW,C2 WINDOW,2800
FOTON,VIEW,CS2,2800
FOTON,VIEW,CS2 HIGH ROOF ISF,2800
FOTON,VIEW,WINDOW,2800
FUSO,FE71PB,NO_VARIANT,3900
FUSO,FE83,NO_VARIANT,4900
FUSO,TF CANTER 150,NO_VARIANT,3000
GAC,AION Y PLUS,PREMIUM,0
GAC,GS3,EMZOOM EXCLUSIVE,1500
GAC,GS3,EMZOOM PREMIUM R,1500
GOLDEN DRAGON,X5,HIGH ROOF WINDOW VAN,3000
GOLDEN DRAGON,X5,WINDOW VAN,3000
GREAT WALL,GWM TANK 300,NO_VARIANT,2000
GREAT WALL,HAVAL,NO_VARIANT,1500
GREAT WALL,HAVAL,NO_VARIANT,2000
GREAT WALL,ORA 07,NO_VARIANT,0
GREAT WALL,ORA GOOD CAT,NO_VARIANT,0
GREAT WALL,ORA GOOD CAT,NO_VARIANT,1500
GREAT WALL,WINGLE 5,GE,2500
GREAT WALL MOTOR,HAVAL H5,H1,1500
GREAT WALL MOTOR,HAVAL H6,HEV,1500
GREAT WALL MOTOR,ORA 07,LONG RANGE ULTRA,0
GREAT WALL MOTOR,ORA GOOD CAT,400 PRO,0
GREAT WALL MOTOR,ORA GOOD CAT,500 ULTRA,0
GREAT WALL MOTOR,TANK 300,NO_VARIANT,2000
HAVAL,H1,COMFORT,1500
HAVAL,H1,PREMIUM,1500
HAVAL,H2,PREMIUM,1500
HAVAL,H6 HEV,NO_VARIANT,1500
HICOM,MTB145,NO_VARIANT,2800
HICOM,MTB150DX,NO_VARIANT,4300
HINO,300 SERIES,NO_VARIANT,4000
HINO,FC7J,NO_VARIANT,6400
HINO,FD7J,NO_VARIANT,6400
HINO,FD8J,NO_VARIANT,7700
HINO,HINO OTHER,NO_VARIANT,4100
HINO,LORI KARGO,NO_VARIANT,3900
HINO,WU300R,NO_VARIANT,4000
HINO,WU302R-HKMLHD3,NO_VARIANT,4000
HINO,WU710R,HKMML3,4000
HINO,WU720,EURO 2,4000
HINO,WU720R,HKMML,4000
HINO,XZC710,NO_VARIANT,4000
HINO,XZU302,(RB/HIR F01),4600
HINO,XZU411,NO_VARIANT,4900
HINO,XZU413R,HKMMB3,4000
HINO,XZU600R,HKMLJ3,4000
HINO,XZU600R,HKMLJ3-UBS,4000
HINO,XZU720,NO_VARIANT,4000
HINO,XZU720R,HKMQK3-UBS,4000
HINO,XZU720R-HKFTL3,NO_VARIANT,4000
HINO,XZU720R-HKMQK3,NO_VARIANT,4000
HONDA,ABSOLUTE 2.4 UNREGISTERED,NO_VARIANT,2400
HONDA,ACCORD,TC PREMIUM,1500
HONDA,ACCORD,TC VTEC,1500
HONDA,ACCORD,I-VTEC VTI-L,1600
HONDA,ACCORD,EURO R,2000
HONDA,ACCORD,VTI,2000
HONDA,ACCORD,VTI-S,2000
HONDA,ACCORD,I-VTEC VTI,2000
HONDA,ACCORD,I-VTEC VTI-L,2000
HONDA,ACCORD,I-VTEC,2400
HONDA,ACCORD,VTI-L,2400
HONDA,ACCORD,I-VTEC VTI-L,2400
HONDA,ACCORD,I-VTEC VTI-L ADVANCE,2400
HONDA,AIRWAVE,NO_VARIANT,1500
HONDA,BR-V,E I-VTEC,1500
HONDA,BR-V,V I-VTEC,1500
HONDA,BR-V,V I-VTEC,1800
HONDA,CITY,V I-VTEC,1200
HONDA,CITY,E I-VTEC,1500
HONDA,CITY,E+ I-VTEC,1500
HONDA,CITY,EFI,1500
HONDA,CITY,HYBRID,1500
HONDA,CITY,RS,1500
HONDA,CITY,RS E-HEV,1500
HONDA,CITY,RS I-VTEC,1500
HONDA,CITY,S I-VTEC,1500
HONDA,CITY,S+ I-VTEC,1500
HONDA,CITY,SE I-VTEC,1500
HONDA,CITY,V SE I-VTEC,1500
HONDA,CITY,V SENSING,1500
HONDA,CITY,V I-VTEC,1500
HONDA,CITY,V(SENSING) SENSING,1500
HONDA,CITY,VTEC,1500
HONDA,CITY,I-DSI,1500
HONDA,CITY,V I-VTEC,2000
HONDA,CITY HATCHBACK,NO_VARIANT,1500
HONDA,CIVIC,E VTEC,1500
HONDA,CIVIC,RS VTEC,1500
HONDA,CIVIC,TC VTEC,1500
HONDA,CIVIC,TC VTEC PREMIUM,1500
HONDA,CIVIC,V VTEC,1500
HONDA,CIVIC,I-VTEC HYBRID,1500
HONDA,CIVIC,EFI,1600
HONDA,CIVIC,EXI,1600
HONDA,CIVIC,VTI,1600
HONDA,CIVIC,EXI-S,1700
HONDA,CIVIC,VTEC,1700
HONDA,CIVIC,VTI,1700
HONDA,CIVIC,VTI-S,1700
HONDA,CIVIC,EK,1800
HONDA,CIVIC,S I-VTEC,1800
HONDA,CIVIC,S-L I-VTEC,1800
HONDA,CIVIC,SE I-VTEC MODULO,1800
HONDA,CIVIC,NAVI I-VTEC,2000
HONDA,CIVIC,S I-VTEC,2000
HONDA,CIVIC,S I-VTEC ENHANCED,2000
HONDA,CIVIC,SE NAVI I-VTEC MODULO,2000
HONDA,CIVIC,TYPE R,2000
HONDA,CIVIC,E:HEV RS,2000
HONDA,CIVIC,I-VTEC,2000
HONDA,CIVIC FK7,NO_VARIANT,1500
HONDA,CR-V,BLACK EDITION,1500
HONDA,CR-V,E,1500
HONDA,CR-V,S,1500
HONDA,CR-V,TC VTEC,1500
HONDA,CR-V,TC-MUGEN VTEC,1500
HONDA,CR-V,TC-P VTEC,1500
HONDA,CR-V,V,1500
HONDA,CR-V,I-VTEC,1800
HONDA,CR-V,I-VTEC,2000
HONDA,CR-V,E:HEV RS,2000
HONDA,CR-V,I-VTEC LIMITED EDITION,2000
HONDA,CR-V,I-VTEC,2400
HONDA,CR-Z,HYBRID I-VTEC,1500
HONDA,CRX,SI,1600
HONDA,E,ADVANCE,0
HONDA,EDIX,NO_VARIANT,2000
HONDA,ELYSION,G,2400
HONDA,FIT,RS,1500
HONDA,FIT,RS E-HEV,1500
HONDA,FREED,E I-VTEC,1500
HONDA,FREED,S I-VTEC,1500
HONDA,HR-V,I-VTEC V,0
HONDA,HR-V,E,1500
HONDA,HR-V,S,1500
HONDA,HR-V,V,1500
HONDA,HR-V,E:HEV RS,1500
HONDA,HR-V,I-VTEC HYBRID,1500
HONDA,HR-V,I-VTEC E,1800
HONDA,HR-V,I-VTEC RS,1800
HONDA,HR-V,I-VTEC S,1800
HONDA,HR-V,I-VTEC V,1800
HONDA,HR-V,I-VTEC V,2000
HONDA,INSIGHT,HYBRID I-VTEC,0
HONDA,INSIGHT,HYBRID I-VTEC,1300
HONDA,INSIGHT,HYBRID I-VTEC,1500
HONDA,INTEGRA,TYPE R,1600
HONDA,INTEGRA,TYPE R,1800
HONDA,INTEGRA,TYPE R,2000
HONDA,INTEGRA,TYPE S,2000
HONDA,INTEGRA,TYPE R,2400
HONDA,JADE,RS,1500
HONDA,JAZZ,HYBRID,1300
HONDA,JAZZ,I-DSI,1300
HONDA,JAZZ,E I-VTEC,1400
HONDA,JAZZ,E I-VTEC,1500
HONDA,JAZZ,HYBRID,1500
HONDA,JAZZ,MUGEN I-VTEC,1500
HONDA,JAZZ,S I-VTEC,1500
HONDA,JAZZ,V I-VTEC,1500
HONDA,JAZZ,VTEC,1500
HONDA,JAZZ,I-DSI,1500
HONDA,JAZZ,I-VTEC,1500
HONDA,LEGEND,NO_VARIANT,3500
HONDA,N BOX,NO_VARIANT,700
HONDA,N ONE RS,NO_VARIANT,700
HONDA,N ONE RS 660 PREMIUM,NO_VARIANT,700
HONDA,N ONE RS TURBO,NO_VARIANT,700
HONDA,N-BOX,NO_VARIANT,700
HONDA,N-BOX CUSTOM,G EX,700
HONDA,N-BOX CUSTOM,G L,700
HONDA,N-ONE,RS,700
HONDA,ODYSSEY,EXV,0
HONDA,ODYSSEY,EXV,2000
HONDA,ODYSSEY,E-RA,2200
HONDA,ODYSSEY,EXV,2300
HONDA,ODYSSEY,ABSOLUTE,2400
HONDA,ODYSSEY,ABSOLUTE HONDA SENSING,2400
HONDA,ODYSSEY,EX I-VTEC,2400
HONDA,ODYSSEY,EXV,2400
HONDA,ODYSSEY,EXV I-VTEC,2400
HONDA,ODYSSEY,G HONDA SENSING,2400
HONDA,ODYSSEY,RB3,2400
HONDA,ODYSSEY,I-VTEC,2400
HONDA,ODYSSEY,EXV,2500
HONDA,ODYSSEY 2.4,NO_VARIANT,2400
HONDA,PRELUDE,NO_VARIANT,1800
HONDA,S660,ALPHA,700
HONDA,S660,MODULO X,700
HONDA,S660,MODULO X VERSION Z,700
HONDA,STEP WGN,AIR,1500
HONDA,STEP WGN,SPADA,1500
HONDA,STEP WGN,SPADA COOL SPIRIT,1500
HONDA,STEP WGN,SPADA COOL SPIRT,1500
HONDA,STEP WGN,SPADA PREMIUM LINE,1500
HONDA,STEP WGN,SPADA COOL SPIRIT,2000
HONDA,STEPWAGON,SPADA MODULO,1500
HONDA,STEPWAGON,SPADA MODULO,2000
HONDA,STEPWGN,NO_VARIANT,1500
HONDA,STREAM,I-VTEC RSZ,1500
HONDA,STREAM,ABSOLUTE,1700
HONDA,STREAM,RSZ,1800
HONDA,STREAM,I-VTEC,1800
HONDA,STREAM,I-VTEC RSZ,1800
HONDA,STREAM,DBA-RN8,2000
HONDA,STREAM,RSZ,2000
HONDA,STREAM,IV,2000
HONDA,STREAM,IVS,2000
HONDA,WR-V,E,1500
HONDA,WR-V,RS,1500
HONDA,WR-V,RS SE,1500
HONDA,WR-V,S,1500
HONDA,WR-V,V,1500
HUMMER,H3,NO_VARIANT,3700
HYUNDAI,ACCENT,NO_VARIANT,1500
HYUNDAI,AVANTE,X20,2000
HYUNDAI,COUPE,GK,1800
HYUNDAI,COUPE,GK,2000
HYUNDAI,CRETA,PLUS,1500
HYUNDAI,ELANTRA,EX,1600
HYUNDAI,ELANTRA,EX SPORT LIMITED EDITION,1600
HYUNDAI,ELANTRA,PREMIUM,1600
HYUNDAI,ELANTRA,SMARTSTREAM PREMIUM,1600
HYUNDAI,ELANTRA,SPORT,1600
HYUNDAI,ELANTRA,PREMIUM,1800
HYUNDAI,ELANTRA,DYNAMIC,2000
HYUNDAI,ELANTRA,EXECUTIVE,2000
HYUNDAI,GENESIS,NO_VARIANT,3500
HYUNDAI,GETZ,GL,1300
HYUNDAI,GETZ,GL,1400
HYUNDAI,GRAND STAREX,EXECUTIVE,2500
HYUNDAI,GRAND STAREX,EXECUTIVE PLUS,2500
HYUNDAI,GRAND STAREX,EXECUTIVE PLUS SE,2500
HYUNDAI,GRAND STAREX,EXECUTIVE PRIME,2500
HYUNDAI,GRAND STAREX,ROYALE,2500
HYUNDAI,GRAND STAREX,ROYALE DELUXE,2500
HYUNDAI,GRAND STAREX,ROYALE GLS,2500
HYUNDAI,GRAND STAREX,ROYALE GLS DELUXE,2500
HYUNDAI,GRAND STAREX,ROYALE GLS PREMIUM,2500
HYUNDAI,GRAND STAREX,ROYALE PREMIUM,2500
HYUNDAI,I10,NO_VARIANT,1100
HYUNDAI,I10,NO_VARIANT,1200
HYUNDAI,I40,GDI,2000
HYUNDAI,I40,GDI PLUS,2000
HYUNDAI,I40,GDI TOURER PLUS,2000
HYUNDAI,IONIQ,HYBRID BLUEDRIVE HEV,1600
HYUNDAI,IONIQ,HYBRID BLUEDRIVE HEV PLUS,1600
HYUNDAI,IONIQ 5,MAX,0
HYUNDAI,IONIQ 5,PLUS,0
HYUNDAI,IONIQ 6,MAX,0
HYUNDAI,IONIQ 6,PLUS,0
HYUNDAI,MATRIX,GLA,1600
HYUNDAI,MATRIX,GLS,1800
HYUNDAI,PALISADE,EXECUTIVE,2200
HYUNDAI,PALISADE,LUXURY,3800
HYUNDAI,SANTA FE,HYBRID PLUS,1600
HYUNDAI,SANTA FE,MAX,2200
HYUNDAI,SANTA FE,R EXECUTIVE,2200
HYUNDAI,SANTA FE,R PREMIUM,2200
HYUNDAI,SANTA FE,EXECUTIVE,2400
HYUNDAI,SANTA FE,PREMIUM,2400
HYUNDAI,SONATA,SPORT,1800
HYUNDAI,SONATA,ELEGANCE,2000
HYUNDAI,SONATA,ELEGANCE B,2000
HYUNDAI,SONATA,EXECUTIVE,2000
HYUNDAI,SONATA,EXECUTIVE PLUS,2000
HYUNDAI,SONATA,GLS,2000
HYUNDAI,SONATA,HIGH SPEC,2000
HYUNDAI,SONATA,SPORT,2000
HYUNDAI,SONATA,HIGH SPEC,2400
HYUNDAI,SONATA,PREMIUM,2400
HYUNDAI,SONATA,SPORT,2500
HYUNDAI,STAREX,NO_VARIANT,2500
HYUNDAI,STAREX TQ,CRDI,2500
HYUNDAI,STAREX TQ,GLS,2500
HYUNDAI,STARIA,LITE,2200
HYUNDAI,STARIA,MAX,2200
HYUNDAI,STARIA,PLUS,2200
HYUNDAI,STARIA,PREMIUM,2200
HYUNDAI,TUCSON,PLUS,1600
HYUNDAI,TUCSON,TURBO,1600
HYUNDAI,TUCSON,CRDI,2000
HYUNDAI,TUCSON,ELEGANCE,2000
HYUNDAI,TUCSON,EXECUTIVE,2000
HYUNDAI,TUCSON,EXECUTIVE PLUS,2000
HYUNDAI,TUCSON,PREMIUM,2000
HYUNDAI,TUCSON,SPORT,2000
HYUNDAI,TUCSON,PREMIUM,2400
HYUNDAI,VELOSTER,PREMIUM,1600
HYUNDAI,VELOSTER,TURBO,1600
HYUNDAI,VELOSTER,TURBO SPORT,1600
INFINITI,EX37,NO_VARIANT,3700
INFINITI,FX37,NO_VARIANT,3700
INFINITI,Q50,GT,2000
INFINITI,Q50,GT PREMIUM,2000
INFINITI,QX80,NO_VARIANT,5600
INOKOM,ATOS,GLA,1000
INOKOM,ELANTRA,GLS,1600
INOKOM,ELANTRA,HIGH SPEC,1600
INOKOM,ELANTRA,SPORT,1600
INOKOM,ELANTRA,PREMIUM,1800
INOKOM,ELANTRA,SPORT,1800
INOKOM,GETZ,NO_VARIANT,1400
INOKOM,I10,EPSILON PREMIUM,1100
INOKOM,I10,INSPIRED,1100
INOKOM,I10,KAPPA,1200
INOKOM,I10,KAPPA HI-SPEC,1200
INOKOM,I10,KAPPA PREMIUM,1200
INOKOM,I10,KAPPA STANDARD SPEC,1200
INOKOM,LORIMAS,AU 26,2600
INOKOM,MATRIX,NO_VARIANT,1600
INOKOM,SANTA FE,CRDI,2200
INOKOM,SANTA FE,CRDI ELEGANCE,2200
INOKOM,SANTA FE,CRDI EXECUTIVE PLUS,2200
INOKOM,SANTA FE,CRDI PREMIUM,2200
INOKOM,SANTA FE,ELEGANCE,2400
INOKOM,SANTA FE,EXECUTIVE PLUS,2400
INOKOM,SANTA FE,G,2400
INOKOM,SANTA FE,HIGH SPEC,2400
INOKOM,SANTA FE,PREMIUM,2400
ISUZU,D-MAX,AUTO PLUS DUAL CAB,1900
ISUZU,D-MAX,DDI BLUEPOWER HI-RIDE DUAL CAB,1900
ISUZU,D-MAX,DDI BLUEPOWER LOW-RIDE DUAL CAB,1900
ISUZU,D-MAX,DDI BLUEPOWER PREMIUM DUAL CAB,1900
ISUZU,D-MAX,DDI BLUEPOWER SINGLE CAB,1900
ISUZU,D-MAX,DDI BLUEPOWER TYPE-B DUAL CAB,1900
ISUZU,D-MAX,PREMIUM DUAL CAB,1900
ISUZU,D-MAX,SINGLE CAB,1900
ISUZU,D-MAX,STANDARD DUAL CAB,1900
ISUZU,D-MAX,TFR87JDR-TLPH,1900
ISUZU,D-MAX,DUAL CAB,2400
ISUZU,D-MAX,ARTIC V-LID DUAL CAB,2500
ISUZU,D-MAX,DIABLO DUAL CAB,2500
ISUZU,D-MAX,DUAL CAB,2500
ISUZU,D-MAX,HI-RIDE DUAL CAB,2500
ISUZU,D-MAX,LS DUAL CAB,2500
ISUZU,D-MAX,PREMIUM DUAL CAB,2500
ISUZU,D-MAX,SINGLE CAB,2500
ISUZU,D-MAX,X-SERIES DUAL CAB,2500
ISUZU,D-MAX,Z-PRESTIGE DUAL CAB,2500
ISUZU,D-MAX,DDI BLUEPOWER PREMIUM DUAL CAB,3000
ISUZU,D-MAX,DDI BLUEPOWER SINGLE CAB,3000
ISUZU,D-MAX,DDI BLUEPOWER TYPE-B DUAL CAB,3000
ISUZU,D-MAX,DIABLO DUAL CAB,3000
ISUZU,D-MAX,DUAL CAB,3000
ISUZU,D-MAX,LS DUAL CAB,3000
ISUZU,D-MAX,SINGLE CAB,3000
ISUZU,D-MAX,V-CROSS DUAL CAB,3000
ISUZU,D-MAX,V-CROSS SAFARI DUAL CAB,3000
ISUZU,D-MAX,V-CROSS X-SERIES DUAL CAB,3000
ISUZU,D-MAX,V-CROSS X-TERRAIN DUAL CAB,3000
ISUZU,D-MAX,V-CROSS Z-PRESTIGE DUAL CAB,3000
ISUZU,ELF,NLR PRO,3000
ISUZU,FRR90,NO_VARIANT,5200
ISUZU,MU-X,NO_VARIANT,2500
ISUZU,NHR,NO_VARIANT,3100
ISUZU,NHR69,(RB/HS H1A),3100
ISUZU,NKR,NO_VARIANT,2800
ISUZU,NKR55UEEH,NO_VARIANT,2800
ISUZU,NKR55UEET-B,NO_VARIANT,2800
ISUZU,NLR,NO_VARIANT,3000
ISUZU,NLR55UEE,NO_VARIANT,2800
ISUZU,NLR77UEE,NO_VARIANT,3000
ISUZU,NLR77UHE,NO_VARIANT,2900
ISUZU,NLR85UEE,NO_VARIANT,3000
ISUZU,NMR85,NO_VARIANT,3000
ISUZU,NPR,NO_VARIANT,3000
ISUZU,NPR,NO_VARIANT,4600
ISUZU,NPR,NO_VARIANT,4800
ISUZU,NPR,NO_VARIANT,5200
ISUZU,NPR71,RB/BK S2S/CNG,4300
ISUZU,NPR71UKH,NO_VARIANT,4600
ISUZU,NPR75,NO_VARIANT,5200
ISUZU,NPR75UHL,NO_VARIANT,5200
ISUZU,NPR81,NO_VARIANT,4800
ISUZU,NPR81UKH,NO_VARIANT,4800
ISUZU,RODEO,SPORT DUAL CAB,2800
ISUZU,TROOPER,V6,3200
JAECOO,J7,NO_VARIANT,0
JAECOO,J7,NO_VARIANT,1600
JAGUAR,DAIMLER,NO_VARIANT,4000
JAGUAR,F-PACE,25T INGENIUM HI-SPEC,2000
JAGUAR,F-PACE,25T INGENIUM MID-SPEC,2000
JAGUAR,F-PACE,35T R-SPORT,3000
JAGUAR,F-TYPE,NO_VARIANT,2000
JAGUAR,I PACE,NO_VARIANT,0
JAGUAR,I-PACE,EV400 BLACK LE,0
JAGUAR,I-PACE,EV400 HSE,0
JAGUAR,XE,R-SPORT,2000
JAGUAR,XF,25T R SPORT,2000
JAGUAR,XF,LUXURY,2000
JAGUAR,XF,LUXURY TI,2000
JAGUAR,XF,LUXURY,3000
JAGUAR,XJ,L TI LUXURY,2000
JAGUAR,XJ,PREMIUM LUXURY,2000
JAGUAR,XJ,L PREMIUM LUXURY,3000
JAGUAR,XJ,L SUPERSPORT,3200
JAGUAR,XJ,L SC SUPERSPORT,5000
JAGUAR,XJ,L SUPERSPORT,5000
JAGUAR,XJ6,NO_VARIANT,3200
JAGUAR,XJ8,NO_VARIANT,3200
JAGUAR,XJS,NO_VARIANT,5300
JAGUAR,XK,R,4200
JAGUAR,XK,R,5000
JAGUAR,XKR,NO_VARIANT,5000
JEEP,GRAND CHEROKEE,OVERLAND,3600
JEEP,WRANGLER,UNLIMITED RUBICON,2000
JEEP,WRANGLER,UNLIMITED SAHARA,2000
JEEP,WRANGLER,UNLIMITED SPORT,2000
JEEP,WRANGLER,SAHARA,3600
JEEP,WRANGLER,UNLIMITED RUBICON,3600
JEEP,WRANGLER,UNLIMITED SAHARA,3600
JEEP,WRANGLER,UNLIMITED SPORT,3600
KAICENE,ERA STAR II,BOX,1200
KAICENE,ERA STAR II,LUTON,1200
KAICENE,ERA STAR II,PANEL,1200
KAICENE,ERA STAR II,SEMI PANEL,1200
KAICENE,ERA STAR II,STEEL BODY,1200
KIA,CARENS,NO_VARIANT,1800
KIA,CARNIVAL,HIGH,2200
KIA,CARNIVAL,MID,2200
KIA,CARNIVAL,YP,2200
KIA,CARNIVAL,MID,2500
KIA,CERATO,K3,1500
KIA,CERATO,K3,1600
KIA,CERATO,KOUP T-GDI,1600
KIA,CERATO,KX,1600
KIA,CERATO,YD,1600
KIA,CERATO,K3,2000
KIA,EV6,GT-LINE,0
KIA,EV9,GT LINE,0
KIA,FORTE,SX,1600
KIA,FORTE,SX,2000
KIA,GRAND CARNIVAL,CRDI,2200
KIA,GRAND CARNIVAL,EX CRDI,2200
KIA,GRAND CARNIVAL,KX CRDI,2200
KIA,GRAND CARNIVAL,SX CRDI,2200
KIA,GRAND CARNIVAL 2.2,NO_VARIANT,2500
KIA,NIRO,NO_VARIANT,0
KIA,OPTIMA,NO_VARIANT,2000
KIA,OPTIMA JF,GT,2000
KIA,OPTIMA K5,EX,2000
KIA,OPTIMA K5,GT,2000
KIA,PICANTO,EX,1200
KIA,PICANTO,GT LINE,1200
KIA,PICANTO,EX,1300
KIA,PREGIO,WINDOW VAN,2700
KIA,RIO,EX,1400
KIA,RIO,SX,1400
KIA,RIO,UB,1400
KIA,RIO,X,1400
KIA,RIO,SX,2500
KIA,SELTOS,EX,1600
KIA,SORENTO,AWD,2200
KIA,SORENTO,CRDI HS,2200
KIA,SORENTO,CRDI LS,2200
KIA,SORENTO,SX,2200
KIA,SORENTO,UM,2300
KIA,SORENTO,HS,2400
KIA,SORENTO,MS,2400
KIA,SORENTO,UM,2400
KIA,SORENTO,XM,2400
KIA,SORENTO,AWD,2500
KIA,SPORTAGE,EX,2000
KIA,SPORTAGE,GT LINE,2000
KIA,SPORTAGE,GT LINE AWD,2000
KIA,SPORTAGE,KX,2000
KIA,SPORTAGE,QL,2000
KING LONG,XIAMEN PLACER,NO_VARIANT,2800
KUBOTA,L1501DT,TRACTOR,700
LAMBORGHINI,AVENTADOR,LP700-4,6500
LAMBORGHINI,AVENTADOR,LP750-4 SUPERVELOCE,6500
LAMBORGHINI,AVENTADOR,S,6500
LAMBORGHINI,AVENTADOR,SVJ,6500
LAMBORGHINI,GALLARDO,LP560-4,5000
LAMBORGHINI,GALLARDO,LP550-2 VALENTINO BALBONI,5200
LAMBORGHINI,GALLARDO,LP560-4,5200
LAMBORGHINI,GALLARDO,LP560-4 SPYDER,5200
LAMBORGHINI,GALLARDO,LP570-4 SUPERLEGGERA,5200
LAMBORGHINI,HURACAN,LP610-4,4000
LAMBORGHINI,HURACAN,EVO,5200
LAMBORGHINI,HURACAN,LP 640-2 TECNICA,5200
LAMBORGHINI,HURACAN,LP580-2,5200
LAMBORGHINI,HURACAN,LP610-4,5200
LAMBORGHINI,HURACAN,PERFORMANTE,5200
LAMBORGHINI,HURACAN,STO,5200
LAMBORGHINI,MURCIELAGO,LP640,6500
LAMBORGHINI,SIN,NO_VARIANT,6500
LAMBORGHINI,URUS,PERFORMANTE,0
LAMBORGHINI,URUS,PERFORMANTE,4000
LAND ROVER,DEFENDER,110 P300,1500
LAND ROVER,DEFENDER,110 D240 FIRST EDITION,2000
LAND ROVER,DEFENDER,110 D240 HSE,2000
LAND ROVER,DEFENDER,110 P300,2000
LAND ROVER,DEFENDER,110 P300 HSE,2000
LAND ROVER,DEFENDER,110 P300 S,2000
LAND ROVER,DEFENDER,90 P300,2000
LAND ROVER,DEFENDER,90 S,2000
LAND ROVER,DEFENDER,90 X DYNAMIC SE,2000
LAND ROVER,DEFENDER,DUAL CAB,2200
LAND ROVER,DEFENDER,STATION,2200
LAND ROVER,DEFENDER,300TDI,2500
LAND ROVER,DEFENDER,DUAL CAB,2500
LAND ROVER,DEFENDER,SINGLE CAB,2500
LAND ROVER,DEFENDER,110 D300,3000
LAND ROVER,DEFENDER,110 P400 HSE MHEV,3000
LAND ROVER,DEFENDER,90 P400 MHEV,3000
LAND ROVER,DEFENDER,P400,3000
LAND ROVER,DEFENDER,110 P525 CARPATHIAN TALOS EDITION,5000
LAND ROVER,DEFENDER,90 V8,5000
LAND ROVER,DEFENDER 110  2.0PETROL 4WD,NO_VARIANT,0
LAND ROVER,DISCOVERY,SI4 SE,1900
LAND ROVER,DISCOVERY,SI4 SE,2000
LAND ROVER,DISCOVERY 4,TDV6 HSE,2700
LAND ROVER,DISCOVERY 4,SDV6 HSE,3000
LAND ROVER,DISCOVERY SPORT,SI4,2000
LAND ROVER,EVOQUE,NO_VARIANT,2000
LAND ROVER,FREELANDER,TD4,2000
LAND ROVER,FREELANDER 2,SD4 HSE,2200
LAND ROVER,RANGE ROVER,VELAR P250 R-DYNAMIC SE,2000
LAND ROVER,RANGE ROVER,SUPERCHARGED VOGUE AUTOBIOGRAPHY LWB,2200
LAND ROVER,RANGE ROVER,D300 VOGUE,3000
LAND ROVER,RANGE ROVER,D350 AUTOBIOGRAPHY,3000
LAND ROVER,RANGE ROVER,D350 FIRST EDITION,3000
LAND ROVER,RANGE ROVER,D350 FIRST EDITION LWB,3000
LAND ROVER,RANGE ROVER,P400 VOGUE,3000
LAND ROVER,RANGE ROVER,P400 VOGUE SE,3000
LAND ROVER,RANGE ROVER,SDV6 VOGUE,3000
LAND ROVER,RANGE ROVER,SUPERCHARGED,3000
LAND ROVER,RANGE ROVER,SUPERCHARGED VOGUE,3000
LAND ROVER,RANGE ROVER,TDV6 VOGUE,3000
LAND ROVER,RANGE ROVER,TDV6 VOGUE SE,3000
LAND ROVER,RANGE ROVER,SUPERCHARGED,4200
LAND ROVER,RANGE ROVER,AUTOBIOGRAPHY,4400
LAND ROVER,RANGE ROVER,FIRST EDITION,4400
LAND ROVER,RANGE ROVER,HSE,4400
LAND ROVER,RANGE ROVER,P530 AUTOBIOGRAPHY LWB,4400
LAND ROVER,RANGE ROVER,P530 FIRST EDITION LWB,4400
LAND ROVER,RANGE ROVER,P530 SV LWB,4400
LAND ROVER,RANGE ROVER,SDV8 AUTOBIOGRAPHY LWB,4400
LAND ROVER,RANGE ROVER,SDV8 VOGUE AUTOBIOGRAPHY LWB,4400
LAND ROVER,RANGE ROVER,SDV8 VOGUE SE,4400
LAND ROVER,RANGE ROVER,VOGUE SDV8,4400
LAND ROVER,RANGE ROVER,VOGUE TDV8,4400
LAND ROVER,RANGE ROVER,P525 AUTOBIOGRAPHY LWB,5000
LAND ROVER,RANGE ROVER,SUPERCHARGED,5000
LAND ROVER,RANGE ROVER,SUPERCHARGED AUTOBIOGRAPHY,5000
LAND ROVER,RANGE ROVER,SUPERCHARGED SVAUTOBIOGRAPHY DYNAMIC,5000
LAND ROVER,RANGE ROVER,SUPERCHARGED SVAUTOBIOGRAPHY LWB,5000
LAND ROVER,RANGE ROVER,SUPERCHARGED VOGUE,5000
LAND ROVER,RANGE ROVER,SUPERCHARGED VOGUE AUTOBIOGRAPHY,5000
LAND ROVER,RANGE ROVER,SUPERCHARGED VOGUE AUTOBIOGRAPHY LWB,5000
LAND ROVER,RANGE ROVER,SUPERCHARGED VOGUE SE,5000
LAND ROVER,RANGE ROVER EVOQUE,P200,2000
LAND ROVER,RANGE ROVER EVOQUE,P250 FIRST EDITION,2000
LAND ROVER,RANGE ROVER EVOQUE,P250 R-DYNAMIC,2000
LAND ROVER,RANGE ROVER EVOQUE,P300 HSE,2000
LAND ROVER,RANGE ROVER EVOQUE,SI4 DYNAMIC,2000
LAND ROVER,RANGE ROVER EVOQUE,SI4 DYNAMIC PLUS,2000
LAND ROVER,RANGE ROVER EVOQUE,SI4 DYNAMIC PLUS COUPE,2000
LAND ROVER,RANGE ROVER EVOQUE,SI4 PRESTIGE,2000
LAND ROVER,RANGE ROVER EVOQUE,SI4 SE,2000
LAND ROVER,RANGE ROVER EVOQUE,SD4 PRESTIGE,2200
LAND ROVER,RANGE ROVER P400,NO_VARIANT,3000
LAND ROVER,RANGE ROVER SPORT,HSE,2000
LAND ROVER,RANGE ROVER SPORT,P400E HSE,2000
LAND ROVER,RANGE ROVER SPORT,D300 DYNAMIC SE,3000
LAND ROVER,RANGE ROVER SPORT,HSE,3000
LAND ROVER,RANGE ROVER SPORT,HSE DYNAMIC,3000
LAND ROVER,RANGE ROVER SPORT,HST,3000
LAND ROVER,RANGE ROVER SPORT,P400 HSE DYNAMIC AUTOBIOGRAPHY,3000
LAND ROVER,RANGE ROVER SPORT,SDV6 AUTOBIOGRAPHY,3000
LAND ROVER,RANGE ROVER SPORT,SDV6 HSE,3000
LAND ROVER,RANGE ROVER SPORT,SDV6 HSE DYNAMIC,3000
LAND ROVER,RANGE ROVER SPORT,V8 SUPERCHARGED,4200
LAND ROVER,RANGE ROVER SPORT,SDV8 HSE DYNAMIC,4400
LAND ROVER,RANGE ROVER SPORT,AUTOBIOGRAPHY,5000
LAND ROVER,RANGE ROVER SPORT,HSE DYNAMIC,5000
LAND ROVER,RANGE ROVER SPORT,SVR,5000
LAND ROVER,RANGE ROVER SPORT,SUPERCHARGED AUTOBIOGRAPHY,5000
LAND ROVER,RANGE ROVER SPORT,V8 HSE,5000
LAND ROVER,RANGE ROVER SPORT,V8 SUPERCHARGED,5000
LAND ROVER,RANGE ROVER SPORT (L461) P400 MHEV,NO_VARIANT,3000
LAND ROVER,RANGE ROVER VELAR,D180,2000
LAND ROVER,RANGE ROVER VELAR,D180 SE,2000
LAND ROVER,RANGE ROVER VELAR,D240,2000
LAND ROVER,RANGE ROVER VELAR,D240 R-DYNAMIC SE,2000
LAND ROVER,RANGE ROVER VELAR,P250 DYNAMIC HSE L SPEC,2000
LAND ROVER,RANGE ROVER VELAR,P250 DYNAMIC SE H SPEC,2000
LAND ROVER,RANGE ROVER VELAR,P250 R-DYNAMIC,2000
LAND ROVER,RANGE ROVER VELAR,P250 R-DYNAMIC HSE,2000
LAND ROVER,RANGE ROVER VELAR,P250 R-DYNAMIC S,2000
LAND ROVER,RANGE ROVER VELAR,P250 R-DYNAMIC SE,2000
LAND ROVER,RANGE ROVER VELAR,P250 SE,2000
LAND ROVER,RANGE ROVER VELAR,P300 R-DYNAMIC SE,2000
LAND ROVER,RANGE ROVER VELAR,P300 R-DYNAMIC HSE,2000
LAND ROVER,RANGE ROVER VELAR,D300 R-DYNAMIC,3000
LAND ROVER,RANGE ROVER VELAR,D300 R-DYNAMIC HSE,3000
LAND ROVER,RANGE ROVER VELAR,P380 R-DYNAMIC,3000
LAND ROVER,RANGE ROVER VELAR,P380 R-DYNAMIC HSE,3000
LAND ROVER,RANGE ROVER VOGUE,NO_VARIANT,3000
LAND ROVER,RANGE ROVER VOGUE,NO_VARIANT,4400
LAND ROVER,RANGE ROVER VOGUE,NO_VARIANT,5000
LEAPMOTOR,C10,NO_VARIANT,0
LEXUS,CT200H,F SPORT,1800
LEXUS,CT200H,LUXURY,1800
LEXUS,ES250,LUXURY,2000
LEXUS,ES250,F SPORT,2500
LEXUS,ES250,LUXURY,2500
LEXUS,ES250,PREMIUM,2500
LEXUS,GS,NO_VARIANT,2500
LEXUS,GS,NO_VARIANT,3000
LEXUS,GS250,F SPORT,2500
LEXUS,GS250,LUXURY,2500
LEXUS,GS300,NO_VARIANT,3000
LEXUS,IS,NO_VARIANT,2000
LEXUS,IS,NO_VARIANT,2500
LEXUS,IS200T,F SPORT,2000
LEXUS,IS200T,LUXURY,2000
LEXUS,IS250,F SPORT,2500
LEXUS,IS250,LUXURY,2500
LEXUS,IS300,F SPORT,2000
LEXUS,IS300,LUXURY,2000
LEXUS,LBX,PREMIUM,1500
LEXUS,LBX,PREMIUM DUAL-TONE,1500
LEXUS,LC,NO_VARIANT,5000
LEXUS,LC500,NO_VARIANT,5000
LEXUS,LEXUS,NO_VARIANT,2500
LEXUS,LEXUS RX200T 2.0,NO_VARIANT,2000
LEXUS,LS430,NO_VARIANT,4300
LEXUS,LS460,SPORT,4600
LEXUS,LS460L,NO_VARIANT,4600
LEXUS,LS500,EXECUTIVE KIRIKO,3400
LEXUS,LS500,LUXURY,3400
LEXUS,LX,NO_VARIANT,3500
LEXUS,LX450D,NO_VARIANT,4500
LEXUS,LX470,NO_VARIANT,4700
LEXUS,LX500D,F SPORT,3300
LEXUS,LX570,F SPORT,5700
LEXUS,LX600,EXECUTIVE,3400
LEXUS,LX600,EXECUTIVE,3500
LEXUS,NX,NO_VARIANT,2000
LEXUS,NX,NO_VARIANT,2400
LEXUS,NX,NO_VARIANT,2500
LEXUS,NX,NO_VARIANT,4000
LEXUS,NX 350 F SPORT,NO_VARIANT,2400
LEXUS,NX200T,PREMIUM,1600
LEXUS,NX200T,F SPORT,2000
LEXUS,NX200T,LUXURY,2000
LEXUS,NX200T,PREMIUM,2000
LEXUS,NX250,LUXURY,2500
LEXUS,NX300,F SPORT,2000
LEXUS,NX300,I PACKAGE,2000
LEXUS,NX300,PREMIUM,2000
LEXUS,NX300,URBAN,2000
LEXUS,NX300,F SPORT,2400
LEXUS,NX300,F SPORT,2500
LEXUS,NX300,F SPORT,3000
LEXUS,NX350,F SPORT,2000
LEXUS,NX350,F SPORT,2400
LEXUS,OTHER,NO_VARIANT,2400
LEXUS,RC,NO_VARIANT,2000
LEXUS,RC F,NO_VARIANT,2000
LEXUS,RC200T,F SPORT,2000
LEXUS,RC300,F SPORT,2000
LEXUS,RX,NO_VARIANT,2000
LEXUS,RX,NO_VARIANT,2400
LEXUS,RX,NO_VARIANT,2700
LEXUS,RX,NO_VARIANT,3500
LEXUS,RX200T,F SPORT,2000
LEXUS,RX200T,LUXURY,2000
LEXUS,RX200T,PREMIUM,2000
LEXUS,RX270,L,2700
LEXUS,RX270,VERSION L,2700
LEXUS,RX300,F SPORT,2000
LEXUS,RX300,LUXURY,2000
LEXUS,RX300,PREMIUM,2000
LEXUS,RX300,SPECIAL EDITION,2000
LEXUS,RX300,F SPORT,2100
LEXUS,RX300,F SPORT,2500
LEXUS,RX300,F SPORT,3000
LEXUS,RX350,F SPORT,2400
LEXUS,RX350,LUXURY,2400
LEXUS,RX350,F SPORT,3500
LEXUS,RX350,FWD,3500
LEXUS,RX350,LUXURY,3500
LEXUS,RX450H,NO_VARIANT,3500
LEXUS,RX500H,F SPORT,2400
LEXUS,RZ450E,NO_VARIANT,0
LEXUS,UX,NO_VARIANT,2000
LEXUS,UX200,F SPORT,2000
LEXUS,UX200,LUXURY,2000
LEXUS,UX200,URBAN,2000
LOTUS,ELETRE,R,0
LOTUS,EMIRA,FIRST EDITION,3500
LOTUS,EXIGE,S,3500
LOTUS,EXIGE,S FIXED ROOF,3500
MASERATI,GHIBLI,GRANSPORT,3000
MASERATI,GHIBLI,S,3000
MASERATI,GHIBLI,S GRANSPORT,3000
MASERATI,GRAN SPORT,NO_VARIANT,3000
MASERATI,GRAN TURISMO,NO_VARIANT,4700
MASERATI,GRANTURISMO,MC STRADALE,4700
MASERATI,GRANTURISMO,S,4700
MASERATI,GRANTURISMO,S MC SPORT LINE,4700
MASERATI,GRANTURISMO,SPORT,4700
MASERATI,LEVANTE,MODENA S,3000
MASERATI,LEVANTE,S,3000
MASERATI,LEVANTE,S GRANLUSSO,3000
MASERATI,LEVANTE,S GRANSPORT,3000
MASERATI,LEVANTE,VULCANO,3000
MASERATI,QUATTROPORTE,S,2800
MASERATI,QUATTROPORTE,S,3000
MASERATI,QUATTROPORTE,S,4200
MASERATI,QUATTROPORTE,S,4700
MAXUS,G10,EXECUTIVE,2000
MAXUS,G10,SE,2000
MAXUS,G10,SUPREME,2000
MAXUS,MIFA 9,LUXURY,0
MAXUS,MIFA 9,PREMIUM,0
MAXUS,T60,DUAL CAB,2800
MAXUS,V80,PANEL LWB,2500
MAXUS,V80,PANEL SWB,2500
MAXUS,V80,WINDOW LWB,2500
MAXUS,V80,WINDOW SWB,2500
MAZDA,2,2.0 SEDAN (PRE-ORDER),1500
MAZDA,2,R,1500
MAZDA,2,SKYACTIV-G,1500
MAZDA,2,SKYACTIV-G GVC PLUS,1500
MAZDA,2,SKYACTIV-G HIGH,1500
MAZDA,2,SKYACTIV-G MID,1500
MAZDA,2,SKYACTIV-G MID SPEC,1500
MAZDA,2,V,1500
MAZDA,2,VR,1500
MAZDA,3,SKYACTIV-G,1500
MAZDA,3,GL,1600
MAZDA,3,SPORT ACTIVEMATIC & DIRECT,1600
MAZDA,3,GL,2000
MAZDA,3,GLS,2000
MAZDA,3,SKYACTIV-G,2000
MAZDA,3,SKYACTIV-G GL,2000
MAZDA,3,SKYACTIV-G HIGH,2000
MAZDA,3,SKYACTIV-G HIGH PLUS,2000
MAZDA,3,SKYACTIV-G IGNITE EDITION,2000
MAZDA,3,SPORT ACTIVEMATIC & DIRECT,2000
MAZDA,3,MPS,2300
MAZDA,5,SKYACTIV-G,2000
MAZDA,6,SKYACTIV-G,2000
MAZDA,6,SKYACTIV-G GVC,2000
MAZDA,6,SKYACTIV-G GVC PLUS,2000
MAZDA,6,SKYACTIV-G MID,2000
MAZDA,6,SKYACTIV-D GVC PLUS,2200
MAZDA,6,SKYACTIV-G,2500
MAZDA,6,SKYACTIV-G GVC PLUS,2500
MAZDA,6,SKYACTIV-G HIGH PLUS,2500
MAZDA,6,SKYACTIV-G TOURING,2500
MAZDA,6,SKYACTIV-G TOURING HIGH,2500
MAZDA,8,NO_VARIANT,2300
MAZDA,BIANTE,SKYACTIV-G,2000
MAZDA,BT-50,MID DUAL CAB,1900
MAZDA,BT-50,MID SINGLE CAB,1900
MAZDA,BT-50,DUAL CAB,2200
MAZDA,BT-50,HIGH SPEC DUAL CAB,2200
MAZDA,BT-50,MID SPEC DUAL CAB,2200
MAZDA,BT-50,DUAL CAB,2500
MAZDA,BT-50,FULL SPEC DUAL CAB,2500
MAZDA,BT-50,DUAL CAB,3200
MAZDA,BT50,NO_VARIANT,1900
MAZDA,CX-3,SKYACTIV GVC,1500
MAZDA,CX-3,SKYACTIV PLUS,1500
MAZDA,CX-3,SKYACTIV,2000
MAZDA,CX-3,SKYACTIV G-VECTORING,2000
MAZDA,CX-3,SKYACTIV GVC,2000
MAZDA,CX-3,SKYACTIV HIGH,2000
MAZDA,CX-3,SKYACTIV PLUS,2000
MAZDA,CX-30,SKYACTIV-D HIGH,1800
MAZDA,CX-30,2.0G 2WD CORE,2000
MAZDA,CX-30,SKYACTIV-G,2000
MAZDA,CX-30,SKYACTIV-G CORE,2000
MAZDA,CX-30,SKYACTIV-G GVC PLUS,2000
MAZDA,CX-30,SKYACTIV-G HIGH,2000
MAZDA,CX-30,SKYACTIV-G HIGH SPEC,2000
MAZDA,CX-30,SKYACTIV-G HIGH+,2000
MAZDA,CX-30,SKYACTIV-G HIGH+ PREMIUM,2000
MAZDA,CX-30,SKYACTIV-G IGNITE EDITION,2000
MAZDA,CX-30,SKYACTIV-G POWERED TAILGATE,2000
MAZDA,CX-5,SKYACTIV-G HIGH,1100
MAZDA,CX-5,SKYACTIV-G,2000
MAZDA,CX-5,SKYACTIV-G GL,2000
MAZDA,CX-5,SKYACTIV-G GLS,2000
MAZDA,CX-5,SKYACTIV-G HIGH,2000
MAZDA,CX-5,SKYACTIV-G HIGH SPEC,2000
MAZDA,CX-5,SKYACTIV-G MID,2000
MAZDA,CX-5,SKYACTIV-G MID SPEC,2000
MAZDA,CX-5,SKYACTIV-D GLS,2200
MAZDA,CX-5,SKYACTIV-D HIGH,2200
MAZDA,CX-5,2.5G 4WD HIGH T/C,2500
MAZDA,CX-5,HIGH T/C,2500
MAZDA,CX-5,SKYACTIV-G,2500
MAZDA,CX-5,SKYACTIV-G GLS,2500
MAZDA,CX-5,SKYACTIV-G GVC PLUS,2500
MAZDA,CX-5,SKYACTIV-G HIGH,2500
MAZDA,CX-7,NO_VARIANT,2300
MAZDA,CX-8,SKYACTIV-D,2200
MAZDA,CX-8,SKYACTIV-D HIGH,2200
MAZDA,CX-8,SKYACTIV-G HIGH,2500
MAZDA,CX-8,SKYACTIV-G HIGH PLUS,2500
MAZDA,CX-8,SKYACTIV-G MID,2500
MAZDA,CX-8,SKYACTIV-G MID PLUS,2500
MAZDA,CX-9,SKYACTIV-G,2500
MAZDA,CX-9,SKYACTIV-G IGNITE EDITION,2500
MAZDA,CX-9,GATE GEARSHIFT,2700
MAZDA,CX-9,GATE GEARSHIFT,3700
MAZDA,MX-5,SKYACTIV,2000
MAZDA,MX-5,SKYACTIV RF,2000
MAZDA,PREMACY,NO_VARIANT,2000
MAZDA,ROADSTER,S,1500
MAZDA,ROADSTER,S,2000
MAZDA,ROADSTER RF,NO_VARIANT,2000
MAZDA,RX-7,NO_VARIANT,1300
MAZDA,RX-8,NO_VARIANT,1300
MAZDA,RX7,NO_VARIANT,1300
MAZDA,SAVANNA,NO_VARIANT,1100
MCLAREN,570,NO_VARIANT,3800
MCLAREN,570GT,NO_VARIANT,3800
MCLAREN,570S,NO_VARIANT,3800
MCLAREN,600LT,NO_VARIANT,3800
MCLAREN,650S COUPE,NO_VARIANT,3800
MCLAREN,675LT,NO_VARIANT,3800
MCLAREN,720S,PERFORMANCE,3800
MCLAREN,720S,PERFORMANCE,4000
MCLAREN,720S,SPIDER PERFORMANCE,4000
MCLAREN,765LT,NO_VARIANT,4000
MCLAREN,765LT SPIDER,NO_VARIANT,4000
MCLAREN,GT,NO_VARIANT,4000
MCLAREN,MP4-12C,NO_VARIANT,3800
MCLAREN,OTHERS,NO_VARIANT,4000
MCLAREN,SENNA,NO_VARIANT,4000
MERCEDES-BENZ,A 180 AMG LINE AUTO,NO_VARIANT,1300
MERCEDES-BENZ,A-CLASS,A180,1300
MERCEDES-BENZ,A-CLASS,A200,1300
MERCEDES-BENZ,A-CLASS,A250 E,1300
MERCEDES-BENZ,A-CLASS,A180,1600
MERCEDES-BENZ,A-CLASS,A200,1600
MERCEDES-BENZ,A-CLASS,A170,1700
MERCEDES-BENZ,A-CLASS,A180,1800
MERCEDES-BENZ,A-CLASS,A250,2000
MERCEDES-BENZ,A-CLASS,A35 AMG,2000
MERCEDES-BENZ,A-CLASS,A45 AMG,2000
MERCEDES-BENZ,A180,NO_VARIANT,1300
MERCEDES-BENZ,A180,NO_VARIANT,1800
MERCEDES-BENZ,A180AMG 1.6 TURBO NOT CHARGES SST,NO_VARIANT,1600
MERCEDES-BENZ,A200,PROGRESSIVE LINE,1300
MERCEDES-BENZ,A200,AMG LINE,1600
MERCEDES-BENZ,A200 BLUEEFF,NO_VARIANT,1600
MERCEDES-BENZ,A250,AMG LINE,0
MERCEDES-BENZ,A250,AMG LINE,2000
MERCEDES-BENZ,A35,NO_VARIANT,1900
MERCEDES-BENZ,A35,NO_VARIANT,2000
MERCEDES-BENZ,A35 2.0 AMG,NO_VARIANT,2000
MERCEDES-BENZ,A45,NO_VARIANT,2000
MERCEDES-BENZ,A45S,NO_VARIANT,2000
MERCEDES-BENZ,AMG,NO_VARIANT,1300
MERCEDES-BENZ,AMG,NO_VARIANT,3000
MERCEDES-BENZ,AMG GT,AMG GT 43,3000
MERCEDES-BENZ,AMG GT,AMG GT 53,3000
MERCEDES-BENZ,AMG GT,AMG GT 63 S,4000
MERCEDES-BENZ,AMG GT,BLACK SERIES,4000
MERCEDES-BENZ,AMG GT,C,4000
MERCEDES-BENZ,AMG GT,R,4000
MERCEDES-BENZ,AMG GT,S,4000
MERCEDES-BENZ,AMG GT,S EDITION 1,4000
MERCEDES-BENZ,AMG GTS,NO_VARIANT,4000
MERCEDES-BENZ,AMG PREMIUM,NO_VARIANT,1600
MERCEDES-BENZ,B-CLASS,B180,1300
MERCEDES-BENZ,B-CLASS,B200,1300
MERCEDES-BENZ,B-CLASS,B180,1600
MERCEDES-BENZ,B-CLASS,B200,1600
MERCEDES-BENZ,B-CLASS,B170,1700
MERCEDES-BENZ,B-CLASS,B180,1700
MERCEDES-BENZ,B-CLASS,B200T,2000
MERCEDES-BENZ,B-CLASS,B200,2100
MERCEDES-BENZ,B200,SPORT TOURER,1600
MERCEDES-BENZ,C-CLASS,C200,0
MERCEDES-BENZ,C-CLASS,C180,1500
MERCEDES-BENZ,C-CLASS,C200,1500
MERCEDES-BENZ,C-CLASS,C180,1600
MERCEDES-BENZ,C-CLASS,C180K,1600
MERCEDES-BENZ,C-CLASS,C180,1800
MERCEDES-BENZ,C-CLASS,C180 CGI,1800
MERCEDES-BENZ,C-CLASS,C180K,1800
MERCEDES-BENZ,C-CLASS,C200,1800
MERCEDES-BENZ,C-CLASS,C200 CGI,1800
MERCEDES-BENZ,C-CLASS,C200K,1800
MERCEDES-BENZ,C-CLASS,C230,1800
MERCEDES-BENZ,C-CLASS,C230K,1800
MERCEDES-BENZ,C-CLASS,C250,1800
MERCEDES-BENZ,C-CLASS,C250 CGI,1800
MERCEDES-BENZ,C-CLASS,C200,2000
MERCEDES-BENZ,C-CLASS,C250,2000
MERCEDES-BENZ,C-CLASS,C300,2000
MERCEDES-BENZ,C-CLASS,C350 E,2000
MERCEDES-BENZ,C-CLASS,C43 AMG,2000
MERCEDES-BENZ,C-CLASS,C230,2500
MERCEDES-BENZ,C-CLASS,C300,3000
MERCEDES-BENZ,C-CLASS,C43 AMG,3000
MERCEDES-BENZ,C-CLASS,C32,3200
MERCEDES-BENZ,C-CLASS,C63 AMG,4000
MERCEDES-BENZ,C-CLASS,C200,4400
MERCEDES-BENZ,C200,AVANTGARDE,1500
MERCEDES-BENZ,C200,AMG,2000
MERCEDES-BENZ,C250,CGI,1800
MERCEDES-BENZ,C250,AMG,2000
MERCEDES-BENZ,C300,NO_VARIANT,2000
MERCEDES-BENZ,C300 COUPE,NO_VARIANT,2000
MERCEDES-BENZ,CCLASS,NO_VARIANT,2000
MERCEDES-BENZ,CL,NO_VARIANT,5500
MERCEDES-BENZ,CL-CLASS,CL500,5500
MERCEDES-BENZ,CLA,NO_VARIANT,0
MERCEDES-BENZ,CLA,NO_VARIANT,1300
MERCEDES-BENZ,CLA,NO_VARIANT,1400
MERCEDES-BENZ,CLA,NO_VARIANT,1600
MERCEDES-BENZ,CLA,NO_VARIANT,1700
MERCEDES-BENZ,CLA,NO_VARIANT,1800
MERCEDES-BENZ,CLA,NO_VARIANT,2000
MERCEDES-BENZ,CLA-CLASS,CLA180,1300
MERCEDES-BENZ,CLA-CLASS,CLA200,1300
MERCEDES-BENZ,CLA-CLASS,CLA180,1600
MERCEDES-BENZ,CLA-CLASS,CLA200,1600
MERCEDES-BENZ,CLA-CLASS,CLA200,2000
MERCEDES-BENZ,CLA-CLASS,CLA220,2000
MERCEDES-BENZ,CLA-CLASS,CLA250,2000
MERCEDES-BENZ,CLA-CLASS,CLA35 AMG,2000
MERCEDES-BENZ,CLA-CLASS,CLA45 AMG,2000
MERCEDES-BENZ,CLA-CLASS,CLA220 CDI,2100
MERCEDES-BENZ,CLA180,NO_VARIANT,1600
MERCEDES-BENZ,CLA180 AMG,NO_VARIANT,1600
MERCEDES-BENZ,CLA180AMG,NO_VARIANT,1600
MERCEDES-BENZ,CLA200,NO_VARIANT,1600
MERCEDES-BENZ,CLA250,NO_VARIANT,2000
MERCEDES-BENZ,CLC,NO_VARIANT,2000
MERCEDES-BENZ,CLC-CLASS,CLC180K,1800
MERCEDES-BENZ,CLC-CLASS,CLC200K,1800
MERCEDES-BENZ,CLK,NO_VARIANT,1800
MERCEDES-BENZ,CLK,NO_VARIANT,2300
MERCEDES-BENZ,CLK-CLASS,CLK200K,1800
MERCEDES-BENZ,CLK-CLASS,CLK240,2600
MERCEDES-BENZ,CLS-CLASS,CLS350,2000
MERCEDES-BENZ,CLS-CLASS,CLS350,2100
MERCEDES-BENZ,CLS-CLASS,CLS350,2200
MERCEDES-BENZ,CLS-CLASS,CLS350,2500
MERCEDES-BENZ,CLS-CLASS,CLS350 CDI,3000
MERCEDES-BENZ,CLS-CLASS,CLS450,3000
MERCEDES-BENZ,CLS-CLASS,CLS53 AMG,3000
MERCEDES-BENZ,CLS-CLASS,CLS350,3500
MERCEDES-BENZ,CLS-CLASS,CLS63 AMG,5500
MERCEDES-BENZ,CLS220D (C257),NO_VARIANT,2000
MERCEDES-BENZ,CLS220S,NO_VARIANT,2000
MERCEDES-BENZ,E-CLASS,E200,1500
MERCEDES-BENZ,E-CLASS,E200,1800
MERCEDES-BENZ,E-CLASS,E200 CGI,1800
MERCEDES-BENZ,E-CLASS,E200K,1800
MERCEDES-BENZ,E-CLASS,E250,1800
MERCEDES-BENZ,E-CLASS,E250 CGI,1800
MERCEDES-BENZ,E-CLASS,E200,1900
MERCEDES-BENZ,E-CLASS,E200,2000
MERCEDES-BENZ,E-CLASS,E200 CGI,2000
MERCEDES-BENZ,E-CLASS,E250,2000
MERCEDES-BENZ,E-CLASS,E300,2000
MERCEDES-BENZ,E-CLASS,E350,2000
MERCEDES-BENZ,E-CLASS,E350 E,2000
MERCEDES-BENZ,E-CLASS,E220 CDI,2100
MERCEDES-BENZ,E-CLASS,E250 CDI,2100
MERCEDES-BENZ,E-CLASS,E300,2100
MERCEDES-BENZ,E-CLASS,E230,2300
MERCEDES-BENZ,E-CLASS,E240,2400
MERCEDES-BENZ,E-CLASS,E200,2500
MERCEDES-BENZ,E-CLASS,E240,2600
MERCEDES-BENZ,E-CLASS,E280,2800
MERCEDES-BENZ,E-CLASS,E280,3000
MERCEDES-BENZ,E-CLASS,E300,3000
MERCEDES-BENZ,E-CLASS,E400,3000
MERCEDES-BENZ,E-CLASS,E43 AMG,3000
MERCEDES-BENZ,E-CLASS,E53 AMG,3000
MERCEDES-BENZ,E-CLASS,E350 CGI,3500
MERCEDES-BENZ,E-CLASS,E63 AMG,4000
MERCEDES-BENZ,E200,AVANTGARDE,2000
MERCEDES-BENZ,E250,NO_VARIANT,1800
MERCEDES-BENZ,E250 AMG,NO_VARIANT,2000
MERCEDES-BENZ,E300,AMG LINE,2000
MERCEDES-BENZ,E350E 2.0 (A),NO_VARIANT,2000
MERCEDES-BENZ,E63,NO_VARIANT,4000
MERCEDES-BENZ,EQ,EQA 250,0
MERCEDES-BENZ,EQ,EQB 350,0
MERCEDES-BENZ,EQ,EQC 400,0
MERCEDES-BENZ,EQ,EQE 350+,0
MERCEDES-BENZ,EQ,EQE 500,0
MERCEDES-BENZ,EQ,EQS 450+,0
MERCEDES-BENZ,EQ,EQS 500,0
MERCEDES-BENZ,EQ,EQS 53 AMG,0
MERCEDES-BENZ,EQ,EQS 580,0
MERCEDES-BENZ,EQ,EQV 300,0
MERCEDES-BENZ,EQC400,NO_VARIANT,0
MERCEDES-BENZ,EQE,NO_VARIANT,0
MERCEDES-BENZ,EQE350,NO_VARIANT,0
MERCEDES-BENZ,EQS,NO_VARIANT,0
MERCEDES-BENZ,G-CLASS,G240,2400
MERCEDES-BENZ,G-CLASS,G63 AMG,2500
MERCEDES-BENZ,G-CLASS,G350,2900
MERCEDES-BENZ,G-CLASS,G400,2900
MERCEDES-BENZ,G-CLASS,G350,3000
MERCEDES-BENZ,G-CLASS,G63 AMG,3500
MERCEDES-BENZ,G-CLASS,G63 AMG,4000
MERCEDES-BENZ,G-CLASS,G55,5400
MERCEDES-BENZ,G-CLASS,G63 AMG,5500
MERCEDES-BENZ,G63,NO_VARIANT,4000
MERCEDES-BENZ,G63,NO_VARIANT,5500
MERCEDES-BENZ,GL-CLASS,NO_VARIANT,2000
MERCEDES-BENZ,GLA,NO_VARIANT,0
MERCEDES-BENZ,GLA,NO_VARIANT,1300
MERCEDES-BENZ,GLA,NO_VARIANT,1600
MERCEDES-BENZ,GLA,NO_VARIANT,1900
MERCEDES-BENZ,GLA,NO_VARIANT,2000
MERCEDES-BENZ,GLA-CLASS,GLA180,1300
MERCEDES-BENZ,GLA-CLASS,GLA200,1300
MERCEDES-BENZ,GLA-CLASS,GLA180,1600
MERCEDES-BENZ,GLA-CLASS,GLA200,1600
MERCEDES-BENZ,GLA-CLASS,GLA220,2000
MERCEDES-BENZ,GLA-CLASS,GLA250,2000
MERCEDES-BENZ,GLA-CLASS,GLA35 AMG,2000
MERCEDES-BENZ,GLA-CLASS,GLA45 AMG,2000
MERCEDES-BENZ,GLA200,PROGRESSIVE LINE,1300
MERCEDES-BENZ,GLA250,4MATIC AMG LINE,2000
MERCEDES-BENZ,GLA250,AMG LINE,2000
MERCEDES-BENZ,GLA45 AMG,NO_VARIANT,2000
MERCEDES-BENZ,GLB,NO_VARIANT,1300
MERCEDES-BENZ,GLB,NO_VARIANT,2000
MERCEDES-BENZ,GLB-CLASS,GLB200,1300
MERCEDES-BENZ,GLB-CLASS,GLB250,2000
MERCEDES-BENZ,GLB-CLASS,GLB35 AMG,2000
MERCEDES-BENZ,GLC,NO_VARIANT,0
MERCEDES-BENZ,GLC,NO_VARIANT,1600
MERCEDES-BENZ,GLC,NO_VARIANT,1900
MERCEDES-BENZ,GLC,NO_VARIANT,2000
MERCEDES-BENZ,GLC,NO_VARIANT,3000
MERCEDES-BENZ,GLC,NO_VARIANT,4000
MERCEDES-BENZ,GLC 250,NO_VARIANT,2000
MERCEDES-BENZ,GLC 250,NO_VARIANT,2400
MERCEDES-BENZ,GLC 250,NO_VARIANT,2500
MERCEDES-BENZ,GLC 43,NO_VARIANT,3000
MERCEDES-BENZ,GLC-CLASS,GLC200,2000
MERCEDES-BENZ,GLC-CLASS,GLC220,2000
MERCEDES-BENZ,GLC-CLASS,GLC250,2000
MERCEDES-BENZ,GLC-CLASS,GLC300,2000
MERCEDES-BENZ,GLC-CLASS,GLC300 E,2000
MERCEDES-BENZ,GLC-CLASS,GLC350 E,2000
MERCEDES-BENZ,GLC-CLASS,GLC43 AMG,2000
MERCEDES-BENZ,GLC-CLASS,GLC220,2100
MERCEDES-BENZ,GLC-CLASS,GLC300,2500
MERCEDES-BENZ,GLC-CLASS,GLC43 AMG,3000
MERCEDES-BENZ,GLC-CLASS,GLC63 AMG,4000
MERCEDES-BENZ,GLC200,EXCLUSIVE,2000
MERCEDES-BENZ,GLC250,4MATIC AMG LINE,2000
MERCEDES-BENZ,GLE,NO_VARIANT,0
MERCEDES-BENZ,GLE,NO_VARIANT,2100
MERCEDES-BENZ,GLE,NO_VARIANT,2900
MERCEDES-BENZ,GLE,NO_VARIANT,3000
MERCEDES-BENZ,GLE-CLASS,GLE250,2100
MERCEDES-BENZ,GLE-CLASS,GLE400,2900
MERCEDES-BENZ,GLE-CLASS,GLE350,3000
MERCEDES-BENZ,GLE-CLASS,GLE400,3000
MERCEDES-BENZ,GLE-CLASS,GLE43,3000
MERCEDES-BENZ,GLE-CLASS,GLE450,3000
MERCEDES-BENZ,GLE-CLASS,GLE53,3000
MERCEDES-BENZ,GLE-CLASS,GLE63,4000
MERCEDES-BENZ,GLE-CLASS,GLE63,5500
MERCEDES-BENZ,GLE43 (W166) AMG 4MATIC,NO_VARIANT,3000
MERCEDES-BENZ,GLK-CLASS,NO_VARIANT,2000
MERCEDES-BENZ,GLS,NO_VARIANT,3000
MERCEDES-BENZ,GLS-CLASS,GLS400,2900
MERCEDES-BENZ,GLS-CLASS,GLS350,3000
MERCEDES-BENZ,GLS-CLASS,GLS400,3000
MERCEDES-BENZ,GLS-CLASS,GLS450,3000
MERCEDES-BENZ,GLS600 MHEV,NO_VARIANT,4000
MERCEDES-BENZ,ML-CLASS,ML250,2100
MERCEDES-BENZ,ML-CLASS,ML350,3500
MERCEDES-BENZ,NO GROUP,190E,2000
MERCEDES-BENZ,NO GROUP,200,2000
MERCEDES-BENZ,NO GROUP,GLC 220D,2100
MERCEDES-BENZ,NO GROUP,SPRINTER,2100
MERCEDES-BENZ,NO GROUP,230E,2300
MERCEDES-BENZ,NO GROUP,230GE,2300
MERCEDES-BENZ,NO GROUP,260E,2600
MERCEDES-BENZ,NO GROUP,300CE,3000
MERCEDES-BENZ,NO GROUP,300SEL,3000
MERCEDES-BENZ,NO GROUP,300SL,3000
MERCEDES-BENZ,NO GROUP,BRABUS,3000
MERCEDES-BENZ,NO GROUP,380SLC,3800
MERCEDES-BENZ,NO GROUP,500SL,5000
MERCEDES-BENZ,OTR P AMERCEDES A180AMG LITE EDITION BLACKLIST CANLOAN,NO_VARIANT,1600
MERCEDES-BENZ,R-CLASS,R280L,3000
MERCEDES-BENZ,S-CLASS,S400L,0
MERCEDES-BENZ,S-CLASS,S280,2800
MERCEDES-BENZ,S-CLASS,S300L,3000
MERCEDES-BENZ,S-CLASS,S400L,3000
MERCEDES-BENZ,S-CLASS,S450L,3000
MERCEDES-BENZ,S-CLASS,S500L,3000
MERCEDES-BENZ,S-CLASS,S560 E,3000
MERCEDES-BENZ,S-CLASS,S580 E,3000
MERCEDES-BENZ,S-CLASS,S320L,3200
MERCEDES-BENZ,S-CLASS,S350,3500
MERCEDES-BENZ,S-CLASS,S350L,3500
MERCEDES-BENZ,S-CLASS,S400L,3500
MERCEDES-BENZ,S-CLASS,S500L,4700
MERCEDES-BENZ,S-CLASS,S63 AMG,5500
MERCEDES-BENZ,S63 AMG,NO_VARIANT,4000
MERCEDES-BENZ,SL,NO_VARIANT,3000
MERCEDES-BENZ,SL,NO_VARIANT,3500
MERCEDES-BENZ,SL-CLASS,SL43 AMG,2000
MERCEDES-BENZ,SL-CLASS,SL300,3000
MERCEDES-BENZ,SL-CLASS,SL400,3000
MERCEDES-BENZ,SL-CLASS,SL350,3500
MERCEDES-BENZ,SL-CLASS,SL350,3700
MERCEDES-BENZ,SL-CLASS,SL500,5000
MERCEDES-BENZ,SL-CLASS,SL55,5400
MERCEDES-BENZ,SLC,NO_VARIANT,1600
MERCEDES-BENZ,SLC,NO_VARIANT,2000
MERCEDES-BENZ,SLC-CLASS,SLC180,1600
MERCEDES-BENZ,SLC-CLASS,SLC200,2000
MERCEDES-BENZ,SLC-CLASS,SLC300,2000
MERCEDES-BENZ,SLC-CLASS,SLC43 AMG,3000
MERCEDES-BENZ,SLK,NO_VARIANT,1800
MERCEDES-BENZ,SLK-CLASS,SLK200,1800
MERCEDES-BENZ,SLK-CLASS,SLK200K,1800
MERCEDES-BENZ,SLK-CLASS,SLK250,1800
MERCEDES-BENZ,SLK-CLASS,SLK230,2300
MERCEDES-BENZ,SLK-CLASS,SLK280,3000
MERCEDES-BENZ,SLS AMG,NO_VARIANT,6200
MERCEDES-BENZ,V-CLASS,V220,2000
MERCEDES-BENZ,V-CLASS,V300,2000
MERCEDES-BENZ,V-CLASS,VITO,2000
MERCEDES-BENZ,V-CLASS,V220,2100
MERCEDES-BENZ,V-CLASS,VITO SENZATI,2100
MERCEDES-BENZ,V-CLASS,VITO,3200
MERCEDES-BENZ,X,NO_VARIANT,2300
MERCEDES-MAYBACH,GLS600,4MATIC,4000
MERCEDES-MAYBACH,S580,4MATIC,4000
MERCEDES-MAYBACH,S600,NO_VARIANT,6000
MG,4,LUX,0
MG,4,LUX EXTENDED RANGE,0
MG,4,STANDARD,0
MG,4,XPOWER,0
MG,5,NO_VARIANT,1500
MG,MAESTRO,NO_VARIANT,0
MG,MAESTRO,NO_VARIANT,1500
MG,MG4,NO_VARIANT,0
MG,MGB,NO_VARIANT,1800
MG,ZS,EV,0
MG,ZS,EV SE,0
MINI,3 DOOR,COOPER SE,0
MINI,3 DOOR,COOPER SE P/SUNROOF W/O HUD,0
MINI,3 DOOR,COOPER SE RESOLUTE EDITION,0
MINI,3 DOOR,COOPER,1500
MINI,3 DOOR,COOPER CHILI,1500
MINI,3 DOOR,COOPER S,2000
MINI,3 DOOR,COOPER S 60 YEARS EDITION,2000
MINI,3 DOOR,COOPER S AMPLIFIED EDITION,2000
MINI,3 DOOR,JOHN COOPER WORKS,2000
MINI,3 DOOR,JOHN COOPER WORKS GP,2000
MINI,5 DOOR,COOPER,1500
MINI,5 DOOR,COOPER URBANITE EDITION,1500
MINI,5 DOOR,VICTORIA,1500
MINI,5 DOOR,COOPER S,2000
MINI,5 DOOR,JOHN COOPER WORKS PRO EDITION,2000
MINI,CLUBMAN,COOPER,1500
MINI,CLUBMAN,COOPER,1600
MINI,CLUBMAN,COOPER S,1600
MINI,CLUBMAN,COOPER S,2000
MINI,CLUBMAN,COOPER S FINAL EDITION,2000
MINI,CLUBMAN,COOPER S STERLING EDITION,2000
MINI,CLUBMAN,COOPER SD,2000
MINI,CLUBMAN,JOHN COOPER WORKS,2000
MINI,CONVERTIBLE,COOPER S,2000
MINI,CONVERTIBLE,COOPER S SEASIDE EDITION,2000
MINI,CONVERTIBLE,JOHN COOPER WORKS,2000
MINI,COOPER,S,0
MINI,COOPER,S,800
MINI,COOPER,S,1500
MINI,COOPER,S,1600
MINI,COOPER,S BAYSWATER,1600
MINI,COOPER,DBA-XMJCW,2000
MINI,COOPER,JOHN COOPER WORK,2000
MINI,COOPER,S,2000
MINI,COOPER S,NO_VARIANT,1600
MINI,COOPER S,NO_VARIANT,1900
MINI,COOPER S,NO_VARIANT,2000
MINI,COOPER S 2.0 COUNTRYMAN YEAR MADE 2017 CBU BY TIAN SIANG PREMIUM AUTO FULL SERVICE 52K KM ONLY,NO_VARIANT,2000
MINI,COUNTRYMAN,SE ALL4,0
MINI,COUNTRYMAN,COOPER,1500
MINI,COUNTRYMAN,COOPER S E-HYBRID,1500
MINI,COUNTRYMAN,COOPER,1600
MINI,COUNTRYMAN,COOPER S,1600
MINI,COUNTRYMAN,COOPER S ALL4,1600
MINI,COUNTRYMAN,COOPER S PARKLANE,1600
MINI,COUNTRYMAN,JOHN COOPER WORKS,1600
MINI,COUNTRYMAN,COOPER S,2000
MINI,COUNTRYMAN,COOPER S BLACKHEATH EDITION,2000
MINI,COUNTRYMAN,COOPER S JCW,2000
MINI,COUNTRYMAN,COOPER S PURE,2000
MINI,COUNTRYMAN,COOPER S SPORTS,2000
MINI,COUNTRYMAN,COOPER S SPORTS BLACKLINE PACKAGE,2000
MINI,COUNTRYMAN,JOHN COOPER WORKS,2000
MINI,COUNTRYMAN,COOPER S,2500
MINI,COUNTRYMAN S 1.6,NO_VARIANT,1600
MINI,COUPE,COOPER S,1600
MINI,COUPE,JOHN COOPER WORKS,1600
MINI,CROSSOVER,COOPER,1500
MINI,CROSSOVER,COOPER,1600
MINI,CROSSOVER,JOHN COOPER WORKS,2000
MINI,CROSSOVER 1.5,NO_VARIANT,1500
MINI,JOHN COOPER WORKS,NO_VARIANT,1300
MINI,JOHN COOPER WORKS,NO_VARIANT,1600
MINI,JOHN COOPER WORKS,NO_VARIANT,2000
MINI,MINI,NO_VARIANT,0
MINI,MINI,NO_VARIANT,1500
MINI,MINI,NO_VARIANT,1600
MINI,MINI,NO_VARIANT,2000
MINI,ONE,DBA-XR15M,1200
MINI,ONE,DBA-XR15M,1500
MINI,ONE,DBA-XR15M,1600
MINI,PACEMAN,JOHN COOPER WORKS,1600
MITSUBISHI,AIRTREK,NO_VARIANT,2000
MITSUBISHI,ASX,ADVENTURE,2000
MITSUBISHI,ASX,DESIGNER EDITION,2000
MITSUBISHI,ASX,EURO,2000
MITSUBISHI,ASX,GL,2000
MITSUBISHI,ASX,ORANGE EDITION,2000
MITSUBISHI,ASX,SPORTS EDITION,2000
MITSUBISHI,ATTRAGE,SE,1200
MITSUBISHI,COLT,NO_VARIANT,1500
MITSUBISHI,EVO,NO_VARIANT,2000
MITSUBISHI,FE83PG,NO_VARIANT,2900
MITSUBISHI,FTO,NO_VARIANT,2000
MITSUBISHI,FUSO,CANTER,3000
MITSUBISHI,FUSO,CANTER,3900
MITSUBISHI,GRANDIS,NO_VARIANT,1400
MITSUBISHI,GRANDIS,NO_VARIANT,2400
MITSUBISHI,GTO,NO_VARIANT,3000
MITSUBISHI,L200,DUAL CAB,2500
MITSUBISHI,LANCER,EVOLUTION VI GSR,2000
MITSUBISHI,LANCER,EVOLUTION VII GT-A,2000
MITSUBISHI,LANCER,EVOLUTION VIII,2000
MITSUBISHI,LANCER,EVOLUTION X SST,2000
MITSUBISHI,LANCER,GT,2000
MITSUBISHI,LANCER,GT BODYKIT,2000
MITSUBISHI,LANCER,GTE,2000
MITSUBISHI,LANCER,SPORTBACK,2400
MITSUBISHI,MIRAGE,GL,1200
MITSUBISHI,MIRAGE,GS,1200
MITSUBISHI,OUTLANDER,SPORTS EDITION,2000
MITSUBISHI,OUTLANDER,SPORTS EDITION,2400
MITSUBISHI,PAJERO,IO,1800
MITSUBISHI,PAJERO,EXCEED,2400
MITSUBISHI,PAJERO,EXCEED,2500
MITSUBISHI,PAJERO,EXCEED,3000
MITSUBISHI,PAJERO,ADC-V98W,3200
MITSUBISHI,PAJERO,EXCEED,3800
MITSUBISHI,PAJERO SPORT,GL,2500
MITSUBISHI,PAJERO SPORT,GS,2500
MITSUBISHI,PAJERO SPORT,VGT,2500
MITSUBISHI,STORM,L200 GLS DUAL CAB,2500
MITSUBISHI,TRITON,VGT DUAL CAB,1300
MITSUBISHI,TRITON,ATHLETE DUAL CAB,2400
MITSUBISHI,TRITON,GL DUAL CAB,2400
MITSUBISHI,TRITON,PHANTOM PLUS DUAL CAB,2400
MITSUBISHI,TRITON,PREMIUM DUAL CAB,2400
MITSUBISHI,TRITON,SINGLE CAB,2400
MITSUBISHI,TRITON,VGT,2400
MITSUBISHI,TRITON,VGT ADVENTURE DUAL CAB,2400
MITSUBISHI,TRITON,VGT ADVENTURE X DUAL CAB,2400
MITSUBISHI,TRITON,VGT ADVENTURE X UPDATED SPEC DUAL CAB,2400
MITSUBISHI,TRITON,VGT ATHLETE,2400
MITSUBISHI,TRITON,VGT ATHLETE DUAL CAB,2400
MITSUBISHI,TRITON,VGT DUAL CAB,2400
MITSUBISHI,TRITON,VGT GL DUAL CAB,2400
MITSUBISHI,TRITON,VGT PREMIUM DUAL CAB,2400
MITSUBISHI,TRITON,VGT PREMIUM UPDATED SPEC DUAL CAB,2400
MITSUBISHI,TRITON,BOLD DUAL CAB,2500
MITSUBISHI,TRITON,DUAL CAB,2500
MITSUBISHI,TRITON,LITE DUAL CAB,2500
MITSUBISHI,TRITON,QUEST DUAL CAB,2500
MITSUBISHI,TRITON,STANDARD DUAL CAB,2500
MITSUBISHI,TRITON,VGT ADVENTURE DUAL CAB,2500
MITSUBISHI,TRITON,VGT DUAL CAB,2500
MITSUBISHI,TRITON,VGT EURO DUAL CAB,2500
MITSUBISHI,TRITON,VGT GS DUAL CAB,2500
MITSUBISHI,TRITON,DUAL CAB,3200
MITSUBISHI,TRITON ADVENTURE X,NO_VARIANT,2500
MITSUBISHI,XPANDER,PLUS,1500
MITSUBISHI FUSO,3.9(M),NO_VARIANT,3900
NAZA,CITRA,GLS,2000
NAZA,CITRA,GS,2000
NAZA,CITRA,RONDO EX,2000
NAZA,FORTE,EX,1600
NAZA,FORTE,SX,1600
NAZA,FORTE,SX,2000
NAZA,PICANTO,EX,1100
NAZA,RIA,GS,2500
NAZA,SORENTO,EX,2500
NAZA,SORENTO,NOVUS,2500
NETA,V,NO_VARIANT,0
NETA,X,400 COMFORT,0
NISSAN,350Z,NO_VARIANT,3500
NISSAN,370Z,NO_VARIANT,3700
NISSAN,ALMERA,VL,1000
NISSAN,ALMERA,VLP,1000
NISSAN,ALMERA,VLT,1000
NISSAN,ALMERA,E,1400
NISSAN,ALMERA,1.5 VL A/T,1500
NISSAN,ALMERA,E,1500
NISSAN,ALMERA,E BLACK SERIES,1500
NISSAN,ALMERA,E NISMO,1500
NISSAN,ALMERA,V,1500
NISSAN,ALMERA,VL,1500
NISSAN,ALMERA,VL BLACK SERIES,1500
NISSAN,ALMERA,VL NISMO,1500
NISSAN,ALMERA,E,2000
NISSAN,ALMERA TURBO,NO_VARIANT,1000
NISSAN,ATLAS,NO_VARIANT,3000
NISSAN,C22,NO_VARIANT,1500
NISSAN,CEFIRO,EXCIMO G,2000
NISSAN,CUBE,RIDER AUTECH,1500
NISSAN,DAYZ,HIGHWAY STAR,700
NISSAN,ELGRAND,HIGH-WAY STAR,2500
NISSAN,ELGRAND,HIGH-WAY STAR URBAN CHROME,2500
NISSAN,ELGRAND,HIGH-WAY STAR,3500
NISSAN,ELGRAND,HIGH-WAY STAR PREMIUM,3500
NISSAN,FAIRLADY,NO_VARIANT,3500
NISSAN,FAIRLADY Z,PROTO,3000
NISSAN,FAIRLADY Z,VERSION ST,3000
NISSAN,FAIRLADY Z,350,3500
NISSAN,FRONTIER,GRAN ROAD DUAL CAB,2500
NISSAN,FRONTIER,SPIRIT DUAL CAB,2500
NISSAN,GK5,NO_VARIANT,10800
NISSAN,GRAND LIVINA,COMFORT,0
NISSAN,GRAND LIVINA,COMFORT,1600
NISSAN,GRAND LIVINA,IMPUL,1600
NISSAN,GRAND LIVINA,LUXURY,1600
NISSAN,GRAND LIVINA,ST-L COMFORT,1600
NISSAN,GRAND LIVINA,AUTECH,1800
NISSAN,GRAND LIVINA,CVTC COMFORT,1800
NISSAN,GRAND LIVINA,COMFORT,1800
NISSAN,GRAND LIVINA,IMPUL,1800
NISSAN,GRAND LIVINA,LUXURY,1800
NISSAN,GT-R,BLACK EDITION,3800
NISSAN,GT-R,NISMO,3800
NISSAN,GT-R,PREMIUM EDITION,3800
NISSAN,GT-R,PRESTIGE,3800
NISSAN,GT-R,PRESTIGE S-A,3800
NISSAN,GT-R,PURE EDITION,3800
NISSAN,GT-R,RECARO,3800
NISSAN,GT-R,TRACK EDITION,3800
NISSAN,GT-R,TRACK PACK,3800
NISSAN,JUKE,NISMO RS,1600
NISSAN,LATIO,ST,1600
NISSAN,LATIO,ST-L SPORT,1600
NISSAN,LATIO,COMFORT,1800
NISSAN,LATIO,SPORT ST-L,1800
NISSAN,LATIO,TI,1800
NISSAN,LEAF,NO_VARIANT,0
NISSAN,LIVINA,NO_VARIANT,1600
NISSAN,LIVINA,NO_VARIANT,1800
NISSAN,LIVINA X-GEAR,NO_VARIANT,1600
NISSAN,MARCH,NO_VARIANT,1200
NISSAN,MK252,NO_VARIANT,7000
NISSAN,MK36,NO_VARIANT,6400
NISSAN,MURANO,XL,2500
NISSAN,MURANO,XL,3500
NISSAN,NAVARA,CALIBRE DUAL CAB,2500
NISSAN,NAVARA,DOUBLE CAB 2.5L SE A/T,2500
NISSAN,NAVARA,DUAL CAB,2500
NISSAN,NAVARA,KING CAB,2500
NISSAN,NAVARA,LE DUAL CAB,2500
NISSAN,NAVARA,LUTON SINGLE CAB,2500
NISSAN,NAVARA,NP300 E DUAL CAB,2500
NISSAN,NAVARA,NP300 SE BLACK SERIES DUAL CAB,2500
NISSAN,NAVARA,NP300 SE DUAL CAB,2500
NISSAN,NAVARA,NP300 SINGLE CAB,2500
NISSAN,NAVARA,NP300 V BLACK SERIES DUAL CAB,2500
NISSAN,NAVARA,NP300 V DUAL CAB,2500
NISSAN,NAVARA,NP300 VL BLACK SERIES DUAL CAB,2500
NISSAN,NAVARA,NP300 VL DUAL CAB,2500
NISSAN,NAVARA,NP300 VL PLUS BLACK,2500
NISSAN,NAVARA,NP300 VL PLUS BLACK SERIES DUAL CAB,2500
NISSAN,NAVARA,NP300 VL PLUS DUAL CAB,2500
NISSAN,NAVARA,PRO-4X DUAL CAB,2500
NISSAN,NAVARA,PRO 4X,2500
NISSAN,NAVARA,PRO-4X,2500
NISSAN,NAVARA,SE DUAL CAB,2500
NISSAN,NAVARA,SINGLE CAB,2500
NISSAN,NAVARA,STANDARD DUAL CAB,2500
NISSAN,NAVARA,V DUAL CAB,2500
NISSAN,NAVARA,VL DUAL CAB,2500
NISSAN,NAVARA,WOODEN BODY SINGLE CAB,2500
NISSAN,NISSAN NV200 VANETTE,NO_VARIANT,1600
NISSAN,NOTE,NISMO S,1600
NISSAN,NV200,PANEL,1600
NISSAN,NV200,SEMI PANEL,1600
NISSAN,NV200,WINDOW,1600
NISSAN,NV350 URVAN,NO_VARIANT,2500
NISSAN,ROOX,HIGH-WAY STAR S-HYBRID,700
NISSAN,SENTRA,L,1600
NISSAN,SENTRA,SG,1600
NISSAN,SENTRA,SG-L,1600
NISSAN,SENTRA,SPORT COMFORT,1600
NISSAN,SENTRA,SPORT LUXURY,1600
NISSAN,SENTRA,SG-L,1800
NISSAN,SERENA,COMFORT,2000
NISSAN,SERENA,HIGH-WAY STAR,2000
NISSAN,SERENA,S-HYBRID HWS PREMIUM,2000
NISSAN,SERENA,S-HYBRID HIGH-WAY STAR,2000
NISSAN,SERENA,S-HYBRID HIGH-WAY STAR BLACK PACKAGE,2000
NISSAN,SERENA,S-HYBRID HIGH-WAY STAR IMPUL,2000
NISSAN,SERENA,S-HYBRID HIGH-WAY STAR IMPUL J IMPUL,2000
NISSAN,SERENA,S-HYBRID HIGH-WAY STAR IMPUL PREMIUM,2000
NISSAN,SERENA,S-HYBRID HIGH-WAY STAR PREMIUM,2000
NISSAN,SERENA,S-HYBRID HIGH-WAY STAR TWO-TONE COLOR,2000
NISSAN,SK82,NO_VARIANT,1800
NISSAN,SUNNY,NO_VARIANT,1300
NISSAN,SYLPHY,E,1800
NISSAN,SYLPHY,VL,1800
NISSAN,SYLPHY,COMFORT,2000
NISSAN,SYLPHY,LUXURY,2000
NISSAN,SYLPHY,LUXURY NAVI,2000
NISSAN,SYLPHY,XL COMFORT,2000
NISSAN,SYLPHY,XL LUXURY,2000
NISSAN,SYLPHY,XL LUXURY IMPUL,2000
NISSAN,SYLPHY,XVT PREMIUM,2000
NISSAN,SYLPHY,XVT PREMIUM IMPUL,2000
NISSAN,SYLPHY,VL,2200
NISSAN,TEANA,COMFORT,2000
NISSAN,TEANA,XE,2000
NISSAN,TEANA,XE LUXURY,2000
NISSAN,TEANA,XL,2000
NISSAN,TEANA,PREMIUM,2500
NISSAN,TEANA,XV,2500
NISSAN,UD,NO_VARIANT,4200
NISSAN,UD,NO_VARIANT,4600
NISSAN,UD,NO_VARIANT,6900
NISSAN,URVAN,WINDOW,2500
NISSAN,URVAN,PANEL,3000
NISSAN,URVAN,SEMI -PANEL,3000
NISSAN,URVAN,WINDOW,3000
NISSAN,VANETTE,PANEL,1500
NISSAN,VANETTE,SEMI-PANEL,1500
NISSAN,VANETTE,SEMI PANEL,1500
NISSAN,VANETTE,STEEL BODY,1500
NISSAN,VANETTE,WINDOW,1500
NISSAN,X-GEAR,NO_VARIANT,1600
NISSAN,X-TRAIL,MID X-TREMER,0
NISSAN,X-TRAIL,2.0L 2WD MID,2000
NISSAN,X-TRAIL,AERO EDITION,2000
NISSAN,X-TRAIL,COMFORT,2000
NISSAN,X-TRAIL,HYBRID,2000
NISSAN,X-TRAIL,HYBRID AERO EDITION,2000
NISSAN,X-TRAIL,HYBRID IMPUL,2000
NISSAN,X-TRAIL,HYBRID X-TREMER,2000
NISSAN,X-TRAIL,IMPUL,2000
NISSAN,X-TRAIL,IMPUL MID,2000
NISSAN,X-TRAIL,LUXURY,2000
NISSAN,X-TRAIL,MID,2000
NISSAN,X-TRAIL,MID AERO EDITION,2000
NISSAN,X-TRAIL,MID X-TREMER,2000
NISSAN,X-TRAIL,X-TREMER,2000
NISSAN,X-TRAIL,4WD,2500
NISSAN,X-TRAIL,4WD AERO EDITION,2500
NISSAN,X-TRAIL,4WD X-TREMER,2500
NISSAN,X-TRAIL,COMFORT,2500
NISSAN,X-TRAIL,IMPUL,2500
NISSAN,X-TRAIL,LUXURY,2500
PERODUA,ALZA,AV,1500
PERODUA,ALZA,ADVANCE,1500
PERODUA,ALZA,EZ,1500
PERODUA,ALZA,EZI,1500
PERODUA,ALZA,H,1500
PERODUA,ALZA,M2,1500
PERODUA,ALZA,S,1500
PERODUA,ALZA,SE,1500
PERODUA,ALZA,SX,1500
PERODUA,ALZA,SXI,1500
PERODUA,ALZA,X,1500
PERODUA,ARUZ,AV,1500
PERODUA,ARUZ,X,1500
PERODUA,ATIVA,AV,1000
PERODUA,ATIVA,H,1000
PERODUA,ATIVA,X,1000
PERODUA,AXIA,AV,1000
PERODUA,AXIA,ADVANCE,1000
PERODUA,AXIA,E,1000
PERODUA,AXIA,G,1000
PERODUA,AXIA,GXTRA,1000
PERODUA,AXIA,SE,1000
PERODUA,AXIA,STYLE,1000
PERODUA,AXIA,X,1000
PERODUA,BEZZA,G,1000
PERODUA,BEZZA,G STANDARD,1000
PERODUA,BEZZA,GXTRA,1000
PERODUA,BEZZA,ADVANCE,1300
PERODUA,BEZZA,ADVANCE PREMIUM,1300
PERODUA,BEZZA,X,1300
PERODUA,BEZZA,X LIMITED EDITION,1300
PERODUA,BEZZA,X PREMIUM,1300
PERODUA,BEZZA,X PREMIUM,1500
PERODUA,KANCIL,EZ,700
PERODUA,KANCIL,850,800
PERODUA,KANCIL,850 EX,800
PERODUA,KANCIL,850 EX FACELIFT,800
PERODUA,KANCIL,850 EZ,800
PERODUA,KANCIL,850 EZ FACELIFT,800
PERODUA,KELISA,EZ,1000
PERODUA,KELISA,EZL,1000
PERODUA,KELISA,GX,1000
PERODUA,KELISA,GXL,1000
PERODUA,KELISA,SE EZS,1000
PERODUA,KEMBARA,EZ,1300
PERODUA,KEMBARA,EZ,1500
PERODUA,KENARI,EZ,1000
PERODUA,KENARI,EZ AERO,1000
PERODUA,KENARI,EZ KASIH,1000
PERODUA,KENARI,GX AERO,1000
PERODUA,MYVI,SR,1000
PERODUA,MYVI,AV,1200
PERODUA,MYVI,EZ,1300
PERODUA,MYVI,EZI,1300
PERODUA,MYVI,ELEGANCE,1300
PERODUA,MYVI,G,1300
PERODUA,MYVI,G WITHOUT PSDA,1300
PERODUA,MYVI,LIMITED EDITION,1300
PERODUA,MYVI,SE,1300
PERODUA,MYVI,SX,1300
PERODUA,MYVI,SXI,1300
PERODUA,MYVI,X,1300
PERODUA,MYVI,10TH ANNIVERSARY,1500
PERODUA,MYVI,AV,1500
PERODUA,MYVI,ADVANCE,1500
PERODUA,MYVI,EXTREME,1500
PERODUA,MYVI,H,1500
PERODUA,MYVI,SE,1500
PERODUA,MYVI,X,1500
PERODUA,RUSA,GX,1300
PERODUA,RUSA,GX,1600
PERODUA,VIVA,EX,700
PERODUA,VIVA,EX,800
PERODUA,VIVA,EZ,1000
PERODUA,VIVA,EZ ELITE,1000
PERODUA,VIVA,EZL EXCLUSIVE ELITE,1000
PERODUA,VIVA,EZI,1000
PERODUA,VIVA,EZI ELITE,1000
PERODUA,VIVA,S,1000
PERODUA,VIVA,SX,1000
PERODUA,VIVA,SX ELITE,1000
PERODUA,VIVA,EZ ELITE,1100
PEUGEOT,2008,ALLURE,0
PEUGEOT,2008,ALLURE,1200
PEUGEOT,2008,PURETECH,1200
PEUGEOT,2008,SE,1200
PEUGEOT,2008,VTI,1600
PEUGEOT,207,NO_VARIANT,1600
PEUGEOT,208,PURETECH,1200
PEUGEOT,208,ALLURE,1600
PEUGEOT,208,GTI,1600
PEUGEOT,208,S,1600
PEUGEOT,3008,THP ACTIVE,1600
PEUGEOT,3008,THP ALLURE,1600
PEUGEOT,3008,THP PLUS ALLURE,1600
PEUGEOT,308,CC,1600
PEUGEOT,308,GRIFFE,1600
PEUGEOT,308,THP,1600
PEUGEOT,407,PREMIUM,2000
PEUGEOT,408,ALLURE,1600
PEUGEOT,408,GT,1600
PEUGEOT,408,PREMIUM,1600
PEUGEOT,408,E-THP,1600
PEUGEOT,408,E-THP,2000
PEUGEOT,5008,ALLURE,1600
PEUGEOT,5008,THP ALLURE,1600
PEUGEOT,5008,THP PLUS ACTIVE,1600
PEUGEOT,5008,THP PLUS ALLURE,1600
PEUGEOT,5008,THP PLUS ALLURE,2000
PEUGEOT,508,PREMIUM,1600
PEUGEOT,508,STANDARD,1600
PEUGEOT,508,THP,1600
PEUGEOT,508,GT,2200
PEUGEOT,E-2008,GT,0
PEUGEOT,LANDTREK,DUAL CAB,1900
PEUGEOT,RCZ,NO_VARIANT,1600
PEUGEOT,TRAVELLER,STANDARD,2000
PORSCHE,718,BOXSTER,2000
PORSCHE,718,CAYMAN,2000
PORSCHE,718,CAYMAN SPORTDESIGN,2000
PORSCHE,718,BOXSTER GTS,2500
PORSCHE,718,BOXSTER S,2500
PORSCHE,718,CAYMAN GTS,2500
PORSCHE,718,CAYMAN S,2500
PORSCHE,718,CAYMAN GT4,4000
PORSCHE,718,CAYMAN GT4 RS,4000
PORSCHE,718,SPYDER,4000
PORSCHE,911,CARRERA 4S,0
PORSCHE,911,CARRERA,3000
PORSCHE,911,CARRERA 4 GTS,3000
PORSCHE,911,CARRERA 4S,3000
PORSCHE,911,CARRERA GTS,3000
PORSCHE,911,CARRERA S,3000
PORSCHE,911,CARRERA T,3000
PORSCHE,911,TARGA 4 GTS,3000
PORSCHE,911,TARGA 4S,3000
PORSCHE,911,TARGA 4S HERITAGE DESIGN,3000
PORSCHE,911,CARRERA,3400
PORSCHE,911,CARRERA 4S,3500
PORSCHE,911,CARRERA,3600
PORSCHE,911,CARRERA 4,3600
PORSCHE,911,CARRERA 4S,3600
PORSCHE,911,GT2,3600
PORSCHE,911,GT3,3600
PORSCHE,911,TARGA 4,3600
PORSCHE,911,TURBO,3600
PORSCHE,911,TURBO S,3700
PORSCHE,911,CARRERA 4S,3800
PORSCHE,911,CARRERA S,3800
PORSCHE,911,GT2 RS,3800
PORSCHE,911,GT3,3800
PORSCHE,911,TURBO,3800
PORSCHE,911,TURBO S,3800
PORSCHE,911,GT3,4000
PORSCHE,911,GT3 RS,4000
PORSCHE,911,SPEEDSTER,4000
PORSCHE,911 (992) CARRERA,NO_VARIANT,3000
PORSCHE,911 CARRERA,NO_VARIANT,2000
PORSCHE,911 CARRERA,NO_VARIANT,3000
PORSCHE,911 CARRERA,NO_VARIANT,3400
PORSCHE,911 CARRERA,NO_VARIANT,3800
PORSCHE,911 GT3,NO_VARIANT,4000
PORSCHE,991,NO_VARIANT,3000
PORSCHE,997,NO_VARIANT,3800
PORSCHE,BOXSTER,S,2000
PORSCHE,BOXSTER,S,2500
PORSCHE,BOXSTER,S,2700
PORSCHE,BOXSTER,S,2900
PORSCHE,BOXSTER,S,3400
PORSCHE,CARRERA,NO_VARIANT,3000
PORSCHE,CARRERA,NO_VARIANT,3600
PORSCHE,CARRERA GT,NO_VARIANT,3000
PORSCHE,CAYENNE,S HYBRID,0
PORSCHE,CAYENNE,S,2900
PORSCHE,CAYENNE,DIESEL,3000
PORSCHE,CAYENNE,S HYBRID,3000
PORSCHE,CAYENNE,S HYBRID,3200
PORSCHE,CAYENNE,GTS,3600
PORSCHE,CAYENNE,PLATINUM EDITION,3600
PORSCHE,CAYENNE,S,3600
PORSCHE,CAYENNE,GTS,4000
PORSCHE,CAYENNE,TURBO,4000
PORSCHE,CAYENNE,TURBO GT,4000
PORSCHE,CAYENNE,S,4500
PORSCHE,CAYENNE,GTS,4800
PORSCHE,CAYENNE,S,4800
PORSCHE,CAYENNE,TURBO,4800
PORSCHE,CAYMAN,S,2000
PORSCHE,CAYMAN,S,2500
PORSCHE,CAYMAN,S,2700
PORSCHE,CAYMAN,S,2900
PORSCHE,CAYMAN,S,3400
PORSCHE,CAYMAN,GT4,3800
PORSCHE,CAYMAN,S,4000
PORSCHE,CAYMAN S,NO_VARIANT,2500
PORSCHE,CAYMAN S,NO_VARIANT,2900
PORSCHE,CAYMAN S,NO_VARIANT,3400
PORSCHE,MACAN,SPORTS DESIGN,0
PORSCHE,MACAN,S,2000
PORSCHE,MACAN,SPORTS DESIGN,2000
PORSCHE,MACAN,GTS,2900
PORSCHE,MACAN,S,2900
PORSCHE,MACAN,TURBO,2900
PORSCHE,MACAN,GTS,3000
PORSCHE,MACAN,S,3000
PORSCHE,MACAN,S DIESEL,3000
PORSCHE,MACAN,TURBO,3600
PORSCHE,PANAMERA,4S,2900
PORSCHE,PANAMERA,4S SPORTS TURISMO,2900
PORSCHE,PANAMERA,4 SPORT TURISMO,3000
PORSCHE,PANAMERA,4S,3000
PORSCHE,PANAMERA,S HYBRID,3000
PORSCHE,PANAMERA,4,3600
PORSCHE,PANAMERA,TURBO,4000
PORSCHE,PANAMERA,4S,4800
PORSCHE,PANAMERA,S,4800
PORSCHE,PANAMERA,TURBO,4800
PORSCHE,PANAMERA,TURBO S,4800
PORSCHE,TARGA,NO_VARIANT,3000
PORSCHE,TAYCAN,4 CROSS TURISMO,0
PORSCHE,TAYCAN,4S,0
PORSCHE,TAYCAN,4S CROSS TURISMO,0
PORSCHE,TAYCAN,GTS,0
PORSCHE,TAYCAN,TURBO,0
PORSCHE,TAYCAN,TURBO CROSS TURISMO,0
PORSCHE,TAYCAN,TURBO S,0
PORSCHE,TAYCAN 4S,NO_VARIANT,0
PROTON,2021 PROTON IRIZ 1.3 EXECUTIVE (A) FULL SERVICE RECORD UNDER WARRANTY 1 OWNER,NO_VARIANT,1300
PROTON,ERTIGA,VVT EXECUTIVE,1400
PROTON,ERTIGA,VVT PLUS EXECUTIVE,1400
PROTON,ERTIGA,VVT XTRA EXECUTIVE,1400
PROTON,ERTIGA,VVT XTRA PREMIUM,1400
PROTON,EXORA,BOLD CFE PREMIUM,1600
PROTON,EXORA,BOLD CFE STANDARD,1600
PROTON,EXORA,BOLD CPS EXECUTIVE,1600
PROTON,EXORA,BOLD CPS STANDARD,1600
PROTON,EXORA,CPS B-LINE,1600
PROTON,EXORA,CPS H-LINE,1600
PROTON,EXORA,CPS M-LINE,1600
PROTON,EXORA,CPS STANDARD,1600
PROTON,EXORA,PRIME CFE PREMIUM,1600
PROTON,EXORA,TURBO BLACK EDITION,1600
PROTON,EXORA,TURBO EXECUTIVE,1600
PROTON,EXORA,TURBO EXECUTIVE PLUS,1600
PROTON,EXORA,TURBO PREMIUM,1600
PROTON,EXORA,TURBO SP SUPER PREMIUM,1600
PROTON,GEN-2,CPS MED-LINE,1600
PROTON,INSPIRA,EXECUTIVE,1800
PROTON,INSPIRA,EXECUTIVE,2000
PROTON,INSPIRA,PREMIUM,2000
PROTON,INSPIRA,SUPER PREMIUM,2000
PROTON,IRIZ,EXECUTIVE,1300
PROTON,IRIZ,LIMITED EDITION EXECUTIVE,1300
PROTON,IRIZ,STANDARD,1300
PROTON,IRIZ,EXECUTIVE,1400
PROTON,IRIZ,ACTIVE,1600
PROTON,IRIZ,EXECUTIVE,1600
PROTON,IRIZ,PREMIUM,1600
PROTON,IRIZ,R3,1600
PROTON,ISWARA,S A/B LMST,1300
PROTON,ISWARA,S A/B LMST,1500
PROTON,PERDANA,E,2000
PROTON,PERDANA,V6,2000
PROTON,PERDANA,V6 ENHANCED,2000
PROTON,PERDANA,V6 EXECUTIVE,2000
PROTON,PERDANA,EXECUTIVE,2400
PROTON,PERDANA,P,2400
PROTON,PERSONA,PREMIUM,1500
PROTON,PERSONA,BASE LINE,1600
PROTON,PERSONA,ELEGANCE BASE LINE,1600
PROTON,PERSONA,ELEGANCE HIGH LINE,1600
PROTON,PERSONA,ELEGANCE MEDIUM LINE,1600
PROTON,PERSONA,ELEGANCE STANDARD,1600
PROTON,PERSONA,EXECUTIVE,1600
PROTON,PERSONA,H-LINE,1600
PROTON,PERSONA,MEDIUM LINE,1600
PROTON,PERSONA,PREMIUM,1600
PROTON,PERSONA,SE,1600
PROTON,PERSONA,SV,1600
PROTON,PERSONA,STANDARD,1600
PROTON,PREVE,CFE EXECUTIVE,1600
PROTON,PREVE,CFE LIMITED EDITION,1600
PROTON,PREVE,CFE PREMIUM,1600
PROTON,PREVE,EXECUTIVE,1600
PROTON,PREVE,CFE PREMIUM,2400
PROTON,PUTRA,NO_VARIANT,1800
PROTON,S70,EXECUTIVE,1500
PROTON,S70,FLAGSHIP,1500
PROTON,S70,FLAGSHIP X,1500
PROTON,S70,PREMIUM,1500
PROTON,SAGA,STANDARD,0
PROTON,SAGA,ANNIVERSARY EDITION,1300
PROTON,SAGA,BLM B-LINE,1300
PROTON,SAGA,BLM BASELINE,1300
PROTON,SAGA,BLM H-LINE,1300
PROTON,SAGA,BLM M-LINE,1300
PROTON,SAGA,EDISI 25 TAHUN,1300
PROTON,SAGA,EXECUTIVE,1300
PROTON,SAGA,FL EXECUTIVE,1300
PROTON,SAGA,FL STANDARD,1300
PROTON,SAGA,FLX EXECUTIVE,1300
PROTON,SAGA,FLX PLUS,1300
PROTON,SAGA,FLX STANDARD,1300
PROTON,SAGA,PREMIUM,1300
PROTON,SAGA,PREMIUM S,1300
PROTON,SAGA,R3,1300
PROTON,SAGA,SE,1300
PROTON,SAGA,SV,1300
PROTON,SAGA,STANDARD,1300
PROTON,SAGA,STANDARD LITE,1300
PROTON,SAGA,STANDARD,1400
PROTON,SAGA,STANDARD,1500
PROTON,SAGA,FL EXECUTIVE,1600
PROTON,SAGA,FLX SE,1600
PROTON,SAGA,N/LINE,1600
PROTON,SAGA ISWARA,S,1300
PROTON,SATRIA,GLI,1300
PROTON,SATRIA,NEO,1600
PROTON,SATRIA,NEO CPS H-LINE,1600
PROTON,SATRIA,NEO H-LINE,1600
PROTON,SATRIA,NEO LITE,1600
PROTON,SATRIA,NEO M-LINE,1600
PROTON,SATRIA,NEO R3 EXECUTIVE,1600
PROTON,SATRIA,NEO R3 LOTUS RACING CPS,1600
PROTON,SATRIA NEO,NO_VARIANT,1300
PROTON,SATRIA NEO,NO_VARIANT,1600
PROTON,SUPRIMA S,TURBO EXECUTIVE,1600
PROTON,SUPRIMA S,TURBO PREMIUM,1600
PROTON,SUPRIMA S,TURBO STANDARD,1600
PROTON,SUPRIMA S,TURBO SUPER PREMIUM,1600
PROTON,WAJA,CPS PREMIUM,1600
PROTON,WAJA,PREMIUM,1600
PROTON,WIRA,GLI,1500
PROTON,WIRA,GLI SE,1500
PROTON,WIRA,SE,1500
PROTON,WIRA,XLI,1600
PROTON,WIRA,EXI,1800
PROTON,X50,EXECUTIVE,1500
PROTON,X50,PREMIUM,1500
PROTON,X50,STANDARD,1500
PROTON,X50,TGDI FLAGSHIP,1500
PROTON,X70,TGDI EXECUTIVE,1500
PROTON,X70,TGDI PREMIUM,1500
PROTON,X70,TGDI PREMIUM X,1500
PROTON,X70,TGDI STANDARD,1500
PROTON,X70,TGDI EXECUTIVE,1800
PROTON,X70,TGDI PREMIUM,1800
PROTON,X70,TGDI PREMIUM X,1800
PROTON,X70,TGDI SE,1800
PROTON,X70,TGDI STANDARD,1800
PROTON,X90,FLAGSHIP,0
PROTON,X90,EXECUTIVE,1500
PROTON,X90,FLAGSHIP,1500
PROTON,X90,PREMIUM,1500
PROTON,X90,STANDARD,1500
RENAULT,CAPTUR,+ SPECIAL EDITION,1200
RENAULT,CAPTUR,TCE 120,1200
RENAULT,CAPTUR,TCE TROPHY,1200
RENAULT,CLIO,GT LINE,1200
RENAULT,CLIO,RS200 EDC,1600
RENAULT,FLUENCE,DYNAMIQUE,2000
RENAULT,KANGOO,EXPRESS,1500
RENAULT,KOLEOS,SIGNATURE,2500
RENAULT,KOLEOS,SIGNATURE PLUS,2500
RENAULT,MEGANE,RS 280 CUP,1800
RENAULT,MEGANE,RS 300 TROPHY EDC,1800
RENAULT,MEGANE,RS 250 CUP,2000
RENAULT,MEGANE,RS 250 CUP SPECIAL EDITION,2000
RENAULT,MEGANE,RS 265 CUP,2000
RENAULT,MEGANE,RS 265 SPORT,2000
ROLLS-ROYCE,CULLINAN,BLACK BADGE,6700
ROLLS-ROYCE,DAWN,BLACK BADGE,6600
ROLLS-ROYCE,GHOST,EXTENDED WHEELBASE,6500
ROLLS-ROYCE,GHOST,BLACK BADGE,6600
ROLLS-ROYCE,GHOST,EWB,6600
ROLLS-ROYCE,GHOST,EXTENDED WHEELBASE,6600
ROLLS-ROYCE,GHOST,ZENITH EDITION EXTENDED WHEELBASE,6600
ROLLS-ROYCE,GHOST,EXTENDED WHEELBASE,6700
ROLLS-ROYCE,OTHER,NO_VARIANT,6800
ROLLS-ROYCE,PHANTOM,NO_VARIANT,6700
ROLLS-ROYCE,WRAITH,BLACK BADGE,6600
ROLLS-ROYCE,WRAITH,BLACK BADGE,6700
ROLLS-ROYCE,WRAITH STARLIGHT,NO_VARIANT,6700
ROLLS-ROYCE,WRAITH V12,NO_VARIANT,6600
ROVER,RANGE ROVER,EVOQUE CBA-LV2A (A),2000
SHENYANG BRILLIANCE,ERA JINBEI,WINDOW,2200
SHENYANG BRILLIANCE,ERA JINBEI,WINDOW FABRIC,2200
SHENYANG BRILLIANCE,ERA JINBEI,WINDOW,2800
SKODA,OCTAVIA,NO_VARIANT,2000
SMART,#1,BRABUS,0
SMART,FORFOUR,NO_VARIANT,900
SMART,FORFOUR,NO_VARIANT,1000
SMART,FORTWO,PASSION,700
SMART,FORTWO,PULSE,700
SMART,FORTWO,PASSION,1000
SMART,ROADSTER,NO_VARIANT,700
SSANGYONG,STAVIC,SV270 XDI,2700
SUBARU,BRZ,S,2000
SUBARU,BRZ,S,2400
SUBARU,FORESTER,GT EDITION EYESIGHT,2000
SUBARU,FORESTER,L,2000
SUBARU,FORESTER,L EYESIGHT,2000
SUBARU,FORESTER,P,2000
SUBARU,FORESTER,S,2000
SUBARU,FORESTER,S EYESIGHT,2000
SUBARU,FORESTER,STI PERFORMANCE,2000
SUBARU,FORESTER,X,2000
SUBARU,FORESTER,XT,2000
SUBARU,IMPREZA,WRX,2000
SUBARU,IMPREZA,WRX STI S204,2000
SUBARU,IMPREZA,WRX STI,2500
SUBARU,LEGACY,GT,2000
SUBARU,LEGACY,GT,2500
SUBARU,LEVORG,GT-S,1600
SUBARU,LEVORG,STI SPORT EX,1800
SUBARU,LEVORG,STI SPORT,2000
SUBARU,OTR PREMIUM  2.0AUTO,NO_VARIANT,2000
SUBARU,WRX,S4 STI,0
SUBARU,WRX,EYESIGHT,2000
SUBARU,WRX,S4 STI,2000
SUBARU,WRX,EYESIGHT,2400
SUBARU,WRX STI,PERFORMANCE,2000
SUBARU,WRX STI,PERFORMANCE,2500
SUBARU,XV,CROSSTREK,2000
SUBARU,XV,GT EDITION,2000
SUBARU,XV,GT EDITION EYESIGHT,2000
SUBARU,XV,P,2000
SUBARU,XV,P CROSSTREK,2000
SUBARU,XV,P EYESIGHT,2000
SUBARU,XV,PREMIUM,2000
SUBARU,XV,STI PERFORMANCE,2000
SUBARU,XV,SPORT,2000
SUBARU,XV,I-P EYESIGHT GT EDITION,2000
SUZUKI,ALTO,GLX,1000
SUZUKI,ALTO,GXS,1000
SUZUKI,DA63,NO_VARIANT,700
SUZUKI,DB52,(RB/BK MOD),700
SUZUKI,GEAR SPACIA,NO_VARIANT,700
SUZUKI,GRAND VITARA,PREMIER,2000
SUZUKI,GRAND VITARA,SE,2000
SUZUKI,HUSTLER,HYBRID,700
SUZUKI,JIMNY,XC,700
SUZUKI,JIMNY,JLX,1300
SUZUKI,JIMNY,SUZUKI JIMNY,1300
SUZUKI,JIMNY,ALLGRIP PRO,1500
SUZUKI,JIMNY,ALLGRIP PRO RHINO EDITION,1500
SUZUKI,JIMNY SIERRA,JC PACKAGE,1500
SUZUKI,JIMNY SIERRA,WALD BLACK BISON,1500
SUZUKI,KIZASHI,NO_VARIANT,2400
SUZUKI,OTHER,NO_VARIANT,700
SUZUKI,SIERRA JC,NO_VARIANT,1500
SUZUKI,SWIFT,GL,1400
SUZUKI,SWIFT,GLX,1400
SUZUKI,SWIFT,GLX-S,1400
SUZUKI,SWIFT,RR2,1400
SUZUKI,SWIFT,SPORT,1400
SUZUKI,SWIFT,GLX,1500
SUZUKI,SWIFT,GX,1500
SUZUKI,SWIFT,GXS,1500
SUZUKI,SWIFT,PREMIER,1500
SUZUKI,SWIFT,SPORT,1600
SUZUKI,SWIFT,SPORT PREMIER,1600
SUZUKI,SWIFT,SPORT,2700
SUZUKI,SX4,FACELIFT,1600
SUZUKI,SX4,PREMIER,1600
SUZUKI,VITARA,NO_VARIANT,1600
SUZUKI,VITARA,NO_VARIANT,2000
TESLA,MODEL 3,LONG RANGE,0
TESLA,MODEL 3,LONG RANGE HK,0
TESLA,MODEL 3,STANDARD RANGE,0
TESLA,MODEL S,NO_VARIANT,0
TESLA,MODEL X,P100D,0
TESLA,MODEL Y,NO_VARIANT,0
TOYOTA,2.4 AERAS G OTR PRICE BLACKLIST CAN LOAN,NO_VARIANT,0
TOYOTA,86,GT,2000
TOYOTA,86,GT LIMITED,2000
TOYOTA,86,GT TRD,2000
TOYOTA,86,GT,2200
TOYOTA,86,GT,2400
TOYOTA,ALPHARD,G S C PACKAGE,0
TOYOTA,ALPHARD,G S C PACKAGE,2000
TOYOTA,ALPHARD,EXECUTIVE LOUNGE,2400
TOYOTA,ALPHARD,G,2400
TOYOTA,ALPHARD,G 240G,2400
TOYOTA,ALPHARD,G 240S,2400
TOYOTA,ALPHARD,G 240S GOLD,2400
TOYOTA,ALPHARD,G 240S PRIME SELECTION,2400
TOYOTA,ALPHARD,G 240X,2400
TOYOTA,ALPHARD,S,2400
TOYOTA,ALPHARD,SC,2400
TOYOTA,ALPHARD,V,2400
TOYOTA,ALPHARD,2.5 S,2500
TOYOTA,ALPHARD,DBA-AGH30W,2500
TOYOTA,ALPHARD,G,2500
TOYOTA,ALPHARD,G EXEC. BLACK EDITION,2500
TOYOTA,ALPHARD,G S,2500
TOYOTA,ALPHARD,G S C PACKAGE,2500
TOYOTA,ALPHARD,G S WHEEL CHAIR,2500
TOYOTA,ALPHARD,G SA,2500
TOYOTA,ALPHARD,G SA GOLDEN EYES,2500
TOYOTA,ALPHARD,G X,2500
TOYOTA,ALPHARD,S,2500
TOYOTA,ALPHARD,SC,2500
TOYOTA,ALPHARD,X,2500
TOYOTA,ALPHARD,Z,2500
TOYOTA,ALPHARD,G,3000
TOYOTA,ALPHARD,G 1MZ-FE,3000
TOYOTA,ALPHARD,V,3000
TOYOTA,ALPHARD,EXECUTIVE LOUNGE,3500
TOYOTA,ALPHARD,EXECUTIVE LOUNGE S,3500
TOYOTA,ALPHARD,G,3500
TOYOTA,ALPHARD,G 350G,3500
TOYOTA,ALPHARD,G 350G L PACKAGE,3500
TOYOTA,ALPHARD,G 350G PREMIUM,3500
TOYOTA,ALPHARD,G 350S,3500
TOYOTA,ALPHARD,G 350S PRIME SELECTION,3500
TOYOTA,ALPHARD,G EXECUTIVE LOUNGE,3500
TOYOTA,ALPHARD,G S C PACKAGE,3500
TOYOTA,ALTEZZA,RS200,2000
TOYOTA,ALTIS,NO_VARIANT,1600
TOYOTA,ALTIS,NO_VARIANT,1800
TOYOTA,ALTIS,NO_VARIANT,2000
TOYOTA,AVANZA,1.3 E,1300
TOYOTA,AVANZA,1.3E,1300
TOYOTA,AVANZA,E,1500
TOYOTA,AVANZA,G,1500
TOYOTA,AVANZA,S,1500
TOYOTA,AVANZA,S+,1500
TOYOTA,AVANZA,G,1600
TOYOTA,BB,NO_VARIANT,1500
TOYOTA,C-HR,GT,1200
TOYOTA,C-HR,GT MODELLISTA,1200
TOYOTA,C-HR,ST,1200
TOYOTA,C-HR,HYBRID GR SPORT,1800
TOYOTA,CALDINA,GT-FOUR,2000
TOYOTA,CALDINA,ZT,2000
TOYOTA,CAMROAD,MOTORHOME,2800
TOYOTA,CAMRY,V,1900
TOYOTA,CAMRY,E,2000
TOYOTA,CAMRY,G,2000
TOYOTA,CAMRY,G VSC TRC,2000
TOYOTA,CAMRY,G X,2000
TOYOTA,CAMRY,GX,2200
TOYOTA,CAMRY,G,2400
TOYOTA,CAMRY,V,2400
TOYOTA,CAMRY,HYBRID,2500
TOYOTA,CAMRY,HYBRID LUXURY,2500
TOYOTA,CAMRY,HYBRID PREMIUM,2500
TOYOTA,CAMRY,V,2500
TOYOTA,CELICA,NO_VARIANT,1800
TOYOTA,CENTURY,NO_VARIANT,4000
TOYOTA,COLLOLA CROSS,NO_VARIANT,1800
TOYOTA,COPEN,NO_VARIANT,700
TOYOTA,COROLLA,SEG,1200
TOYOTA,COROLLA,SEG,1600
TOYOTA,COROLLA,SEG,1800
TOYOTA,COROLLA ALTIS,G,1500
TOYOTA,COROLLA ALTIS,E,1600
TOYOTA,COROLLA ALTIS,E SPORTY,1600
TOYOTA,COROLLA ALTIS,E,1800
TOYOTA,COROLLA ALTIS,E SPORTY,1800
TOYOTA,COROLLA ALTIS,G,1800
TOYOTA,COROLLA ALTIS,GR SPORT,1800
TOYOTA,COROLLA ALTIS,G,2000
TOYOTA,COROLLA ALTIS,V,2000
TOYOTA,COROLLA CROSS,G,1800
TOYOTA,COROLLA CROSS,GR SPORT,1800
TOYOTA,COROLLA CROSS,HYBRID,1800
TOYOTA,COROLLA CROSS,V,1800
TOYOTA,COROLLA SPORT,G Z,1200
TOYOTA,COROLLA SPORT,G Z,2000
TOYOTA,CROWN,RS ADVANCED,2000
TOYOTA,CROWN,RS ADVANCED,2400
TOYOTA,CROWN,ATHLETE,2500
TOYOTA,CROWN,G ADVANCED,2500
TOYOTA,DYNA,2466,2000
TOYOTA,DYNA,2466,2400
TOYOTA,DYNA,2466,3000
TOYOTA,ESQUIRE,GI,2000
TOYOTA,ESTIMA,AERAS,2000
TOYOTA,ESTIMA,2.4 AERAS,2400
TOYOTA,ESTIMA,AERAS,2400
TOYOTA,ESTIMA,AERAS MPV (4WD),2400
TOYOTA,ESTIMA,AERAS MODELLISTA AERO KIT,2400
TOYOTA,ESTIMA,AERAS PREMIUM,2400
TOYOTA,ESTIMA,AERAS SMART,2400
TOYOTA,ESTIMA,G,2400
TOYOTA,ESTIMA,G HYBRID,2400
TOYOTA,ESTIMA,HYBRID,2400
TOYOTA,ESTIMA,SUPER CHARGER,2400
TOYOTA,ESTIMA,X,2400
TOYOTA,ESTIMA,AERAS,3000
TOYOTA,ESTIMA,G,3000
TOYOTA,ESTIMA,AERAS,3500
TOYOTA,ESTIMA 2.4  AERAS G OTR PRICE,NO_VARIANT,2400
TOYOTA,FJ CRUISER,NO_VARIANT,4000
TOYOTA,FORTUNER,VRZ,0
TOYOTA,FORTUNER,VRZ,2400
TOYOTA,FORTUNER,G,2500
TOYOTA,FORTUNER,G TRD SPORTIVO,2500
TOYOTA,FORTUNER,G TRD SPORTIVO VNT,2500
TOYOTA,FORTUNER,G VNT,2500
TOYOTA,FORTUNER,SRZ,2700
TOYOTA,FORTUNER,V,2700
TOYOTA,FORTUNER,V TRD SPORTIVO,2700
TOYOTA,FORTUNER,VRZ,2800
TOYOTA,G86,NO_VARIANT,2400
TOYOTA,GR 86,NO_VARIANT,2400
TOYOTA,GR COROLLA,NO_VARIANT,1600
TOYOTA,GR CORROLA,NO_VARIANT,1600
TOYOTA,GR SUPRA,SZ,2000
TOYOTA,GR SUPRA,SZ-R,2000
TOYOTA,GR SUPRA,388 PS,3000
TOYOTA,GR SUPRA,RZ,3000
TOYOTA,GR YARIS,PERFORMANCE PACK,1500
TOYOTA,GR YARIS,GRMN,1600
TOYOTA,GR YARIS,PERFORMANCE PACK,1600
TOYOTA,GR86,RZ,2300
TOYOTA,GR86,RZ,2400
TOYOTA,GR86,SZ,2400
TOYOTA,GR86 RZ 2.4 MANUAL TRANSMISSION,NO_VARIANT,2400
TOYOTA,GRANACE,G,2800
TOYOTA,GRANACE,PREMIUM,2800
TOYOTA,GT86,NO_VARIANT,2000
TOYOTA,GT86,NO_VARIANT,2400
TOYOTA,HARRIER,ELEGANCE,2000
TOYOTA,HARRIER,G,2000
TOYOTA,HARRIER,GR,2000
TOYOTA,HARRIER,GR SPORT,2000
TOYOTA,HARRIER,GS,2000
TOYOTA,HARRIER,LUXURY,2000
TOYOTA,HARRIER,LUXURY SE,2000
TOYOTA,HARRIER,PREMIUM,2000
TOYOTA,HARRIER,PREMIUM ADVANCED,2000
TOYOTA,HARRIER,PREMIUM MODELLISTA,2000
TOYOTA,HARRIER,S,2000
TOYOTA,HARRIER,Z,2000
TOYOTA,HARRIER,Z,2200
TOYOTA,HARRIER,Z,2300
TOYOTA,HARRIER,240G,2400
TOYOTA,HARRIER,240G PREMIUM L,2400
TOYOTA,HARRIER,Z,2500
TOYOTA,HARRIER,Z,2800
TOYOTA,HARRIER,300G,3000
TOYOTA,HARRIER,300G PREMIUM L,3000
TOYOTA,HARRIER,350G,3400
TOYOTA,HARRIER,350G,3500
TOYOTA,HARRIER ELEGANCE 2.0 NEW SPEC,NO_VARIANT,0
TOYOTA,HIACE,WINDOW,2000
TOYOTA,HIACE,WINDOW VAN,2400
TOYOTA,HIACE,PANEL,2500
TOYOTA,HIACE,SEMI PANEL,2500
TOYOTA,HIACE,WINDOW,2500
TOYOTA,HIACE,WINDOW,2700
TOYOTA,HIACE,SLWB WINDOW,2800
TOYOTA,HIACE,PANEL,3000
TOYOTA,HIACE,WINDOW,3000
TOYOTA,HILUX,DUAL CAB,2400
TOYOTA,HILUX,E DUAL CAB,2400
TOYOTA,HILUX,G DUAL CAB,2400
TOYOTA,HILUX,G STANDARD DUAL CAB,2400
TOYOTA,HILUX,L-EDITION DUAL CAB,2400
TOYOTA,HILUX,LE 4X4,2400
TOYOTA,HILUX,LIMITED G DUAL CAB,2400
TOYOTA,HILUX,SINGLE CAB,2400
TOYOTA,HILUX,V DUAL CAB,2400
TOYOTA,HILUX,DOUBLE CAB,2500
TOYOTA,HILUX,DUAL CAB,2500
TOYOTA,HILUX,G DUAL CAB,2500
TOYOTA,HILUX,G TRD SPORTIVO VNT DUAL CAB,2500
TOYOTA,HILUX,G VNT DUAL CAB,2500
TOYOTA,HILUX,SR TURBO DUAL CAB,2500
TOYOTA,HILUX,SINGLE CAB,2500
TOYOTA,HILUX,VNT DUAL CAB,2500
TOYOTA,HILUX,VNT SINGLE CAB,2500
TOYOTA,HILUX,BLACK EDITION DUAL CAB,2800
TOYOTA,HILUX,DUAL CAB,2800
TOYOTA,HILUX,G DUAL CAB,2800
TOYOTA,HILUX,GR SPORT 204 PS DUAL CAB,2800
TOYOTA,HILUX,GR SPORT DUAL CAB,2800
TOYOTA,HILUX,L-EDITION DUAL CAB,2800
TOYOTA,HILUX,ROGUE DUAL CAB,2800
TOYOTA,HILUX,G TRD SPORTIVO VNT DUAL CAB,3000
TOYOTA,HILUX,G VNT DUAL CAB,3000
TOYOTA,INNOVA,G,1900
TOYOTA,INNOVA,E,2000
TOYOTA,INNOVA,G,2000
TOYOTA,INNOVA,X,2000
TOYOTA,INNOVA ZENIX,V,2000
TOYOTA,INNOVA ZENIX,V HYBRID,2000
TOYOTA,IPSUM,NO_VARIANT,2400
TOYOTA,KDY,NO_VARIANT,3000
TOYOTA,KDY230,NO_VARIANT,2500
TOYOTA,LAND CRUISER,ZX MODELLISTA,0
TOYOTA,LAND CRUISER,ZX MODELLISTA,2500
TOYOTA,LAND CRUISER,ZX MODELLISTA,2700
TOYOTA,LAND CRUISER,ZX MODELLISTA,2800
TOYOTA,LAND CRUISER,PRADO,3000
TOYOTA,LAND CRUISER,GR SPORT,3300
TOYOTA,LAND CRUISER,ZX,3300
TOYOTA,LAND CRUISER,ZX MODELLISTA,3300
TOYOTA,LAND CRUISER,GR SPORT,3400
TOYOTA,LAND CRUISER,ZX,3400
TOYOTA,LAND CRUISER,ZX MODELLISTA,3400
TOYOTA,LAND CRUISER,ZX MODELLISTA,3500
TOYOTA,LAND CRUISER,ZX MODELLISTA,4000
TOYOTA,LAND CRUISER,VX,4200
TOYOTA,LAND CRUISER,VX MODELLISTA,4500
TOYOTA,LAND CRUISER,200 V8,4600
TOYOTA,LAND CRUISER,ZX,4600
TOYOTA,LAND CRUISER,AX,4700
TOYOTA,LAND CRUISER,AX G,4700
TOYOTA,LAND CRUISER,V8 D-4D,4700
TOYOTA,LAND CRUISER,XZ V8,4700
TOYOTA,LAND CRUISER,ZX,4700
TOYOTA,LAND CRUISER CYGNUS,NO_VARIANT,4700
TOYOTA,LAND CRUISER II,NO_VARIANT,2400
TOYOTA,LAND CRUISER PRADO,GX,2700
TOYOTA,LAND CRUISER PRADO,TX,2700
TOYOTA,LAND CRUISER PRADO,TX L,2700
TOYOTA,LAND CRUISER PRADO,TX,2800
TOYOTA,LAND CRUISER PRADO,TX BLACK EDITION,2800
TOYOTA,LAND CRUISER PRADO,TX L,2800
TOYOTA,LAND CRUISER PRADO,TZ G,2800
TOYOTA,LAND CRUISER PRADO,TX,3000
TOYOTA,LAND CRUISER PRADO,TX,3400
TOYOTA,LAND CRUISER PRADO,TX,4000
TOYOTA,LY211,RB/RA-MOD/K/25,2800
TOYOTA,MARK X,250G,2500
TOYOTA,MARK X,250G S PACKAGE,2500
TOYOTA,MARK X,250S,2500
TOYOTA,MARK X,GS,2500
TOYOTA,MARK X,RDS,2500
TOYOTA,MR-S,NO_VARIANT,1800
TOYOTA,MR2,GTI,2000
TOYOTA,MRS,NO_VARIANT,1800
TOYOTA,NOAH,S-Z,2000
TOYOTA,NOAH,SI GR SPORT,2000
TOYOTA,NOAH,SI WXB,2000
TOYOTA,NOAH,X,2000
TOYOTA,NOAH,X WELCAB,2000
TOYOTA,OTR PRICE,NO_VARIANT,2500
TOYOTA,OTR PRICE ALPHARD SUNROOF,NO_VARIANT,2500
TOYOTA,PRADO,NO_VARIANT,0
TOYOTA,PRADO,NO_VARIANT,2700
TOYOTA,PRADO,NO_VARIANT,2800
TOYOTA,PREVIA,GL,2400
TOYOTA,PRIUS,HYBRID LUXURY,1600
TOYOTA,PRIUS,HYBRID,1800
TOYOTA,PRIUS,HYBRID LUXURY,1800
TOYOTA,PRIUS,HEV Z,2000
TOYOTA,PRIUS C,HYBRID,1500
TOYOTA,PRIUS C,HYBRID TRD SPORTIVO,1500
TOYOTA,PRIUS C,HYBRID,1800
TOYOTA,RAV4,NO_VARIANT,2000
TOYOTA,RAV4,NO_VARIANT,2400
TOYOTA,RAV4,NO_VARIANT,2500
TOYOTA,ROOMY,CUSTOM G-T,1000
TOYOTA,RUSH,G,1500
TOYOTA,RUSH,S,1500
TOYOTA,SERA,NO_VARIANT,1500
TOYOTA,SIENTA,G,1500
TOYOTA,SIENTA,V,1500
TOYOTA,SUPRA,SZ 3BA-DB82,2000
TOYOTA,SUPRA,RZ,3000
TOYOTA,TANK,CUSTOM GT,1000
TOYOTA,TANK,GT,1000
TOYOTA,UNSER,LGX,1800
TOYOTA,VELLFIRE,Z G EDITION,0
TOYOTA,VELLFIRE,Z G EDITION,2000
TOYOTA,VELLFIRE,Z G EDITION,2300
TOYOTA,VELLFIRE,GOLDEN EYE,2400
TOYOTA,VELLFIRE,V,2400
TOYOTA,VELLFIRE,X,2400
TOYOTA,VELLFIRE,Z,2400
TOYOTA,VELLFIRE,Z G EDITION,2400
TOYOTA,VELLFIRE,Z GS,2400
TOYOTA,VELLFIRE,Z GOLDEN EYES,2400
TOYOTA,VELLFIRE,Z PLATINUM,2400
TOYOTA,VELLFIRE,Z PREMIER,2400
TOYOTA,VELLFIRE,ZG EDITION,2400
TOYOTA,VELLFIRE,HYBRID VL,2500
TOYOTA,VELLFIRE,V,2500
TOYOTA,VELLFIRE,X,2500
TOYOTA,VELLFIRE,Z,2500
TOYOTA,VELLFIRE,Z A EDITION,2500
TOYOTA,VELLFIRE,Z ADMIRATION,2500
TOYOTA,VELLFIRE,Z G EDITION,2500
TOYOTA,VELLFIRE,Z GOLDEN EYES,2500
TOYOTA,VELLFIRE,EXECUTIVE LOUNGE,3500
TOYOTA,VELLFIRE,EXECUTIVE LOUNGE Z,3500
TOYOTA,VELLFIRE,ROYAL LOUNGE SP,3500
TOYOTA,VELLFIRE,V,3500
TOYOTA,VELLFIRE,V L EDITION,3500
TOYOTA,VELLFIRE,VL,3500
TOYOTA,VELLFIRE,Z,3500
TOYOTA,VELLFIRE,Z G EDITION,3500
TOYOTA,VELLFIRE,Z MODELLISTA G EDITION,3500
TOYOTA,VELLFIRE,ZA G EDITION,3500
TOYOTA,VELLFIRE,ZG,3500
TOYOTA,VELOZ,NO_VARIANT,1500
TOYOTA,VIOS,E,1500
TOYOTA,VIOS,G,1500
TOYOTA,VIOS,G LIMITED,1500
TOYOTA,VIOS,GR-S,1500
TOYOTA,VIOS,GX,1500
TOYOTA,VIOS,J,1500
TOYOTA,VIOS,S,1500
TOYOTA,VIOS,SPORTS EDITION,1500
TOYOTA,VIOS,TRD SPORTIVO,1500
TOYOTA,VOXY,ZS KIRAMEKI EDITION,1500
TOYOTA,VOXY,GS,2000
TOYOTA,VOXY,KIRAMEKI,2000
TOYOTA,VOXY,S-Z,2000
TOYOTA,VOXY,X,2000
TOYOTA,VOXY,ZS,2000
TOYOTA,VOXY,ZS GR SPORT,2000
TOYOTA,VOXY,ZS KIRAMEKI EDITION,2000
TOYOTA,VOXY,ZS KIRAMEKI II EDITION,2000
TOYOTA,VOXY,ZS KIRAMEKI EDITION,2200
TOYOTA,VOXY X 2.0 AT UNREGISTERED 5YEAR WARRANTY,NO_VARIANT,2000
TOYOTA,WISH,S,1700
TOYOTA,WISH,G,1800
TOYOTA,WISH,S,1800
TOYOTA,WISH,TYPE E,1800
TOYOTA,WISH,TYPE S,1800
TOYOTA,WISH,X,1800
TOYOTA,WISH,Z,2000
TOYOTA,WISH,S,2000
TOYOTA,YARIS,E,1500
TOYOTA,YARIS,G,1500
TOYOTA,YARIS,G LIMITED,1500
TOYOTA,YARIS,J,1500
TOYOTA,YARIS,S SPORTY,1500
TOYOTA,YARIS,G,1600
TOYOTA,YARIS CROSS,Z,1500
VOLKSWAGEN,ARTEON,R-LINE 4MOTION FASTBACK,2000
VOLKSWAGEN,ARTEON,R-LINE 4MOTION FASTBACK IQ.DRIVE,2000
VOLKSWAGEN,ARTEON,R-LINE FASTBACK,2000
VOLKSWAGEN,BEETLE,TSI,1200
VOLKSWAGEN,BEETLE,TSI BUG,1200
VOLKSWAGEN,BEETLE,TSI DESIGN,1200
VOLKSWAGEN,BEETLE,TSI SPORT,1200
VOLKSWAGEN,BEETLE,TSI,1400
VOLKSWAGEN,BEETLE,TSI SPORT,1600
VOLKSWAGEN,BEETLE,TSI SPORT,2000
VOLKSWAGEN,CC,COMFORT,1800
VOLKSWAGEN,CC,SPORT,1800
VOLKSWAGEN,CROSS POLO,NO_VARIANT,1600
VOLKSWAGEN,CROSS TOURAN,NO_VARIANT,1400
VOLKSWAGEN,EOS,TSI,2000
VOLKSWAGEN,GOLF,280 TSI R-LINE SOUND STYLE,1400
VOLKSWAGEN,GOLF,280 TSI R-LINE,1400
VOLKSWAGEN,GOLF,COMFORTLINE,1400
VOLKSWAGEN,GOLF,HIGHLINE,1400
VOLKSWAGEN,GOLF,LIGHT&SOUND PACKAGE,1400
VOLKSWAGEN,GOLF,R-LINE,1400
VOLKSWAGEN,GOLF,ETSI R-LINE,1500
VOLKSWAGEN,GOLF,GTI,1900
VOLKSWAGEN,GOLF,GTI,2000
VOLKSWAGEN,GOLF,GTI ADVANCED,2000
VOLKSWAGEN,GOLF,GTI EDITION 50 OETTINGER IQ.DRIVE,2000
VOLKSWAGEN,GOLF,GTI IQ.DRIVE,2000
VOLKSWAGEN,GOLF,GTI PURE,2000
VOLKSWAGEN,GOLF,R,2000
VOLKSWAGEN,GOLF,R TECH PACK,2000
VOLKSWAGEN,GOLF,R32,3200
VOLKSWAGEN,GOLF R,NO_VARIANT,2000
VOLKSWAGEN,ID BUZZ,NO_VARIANT,0
VOLKSWAGEN,ID. BUZZ,STYLE,0
VOLKSWAGEN,JETTA,280 TSI COMFORTLINE,1400
VOLKSWAGEN,JETTA,280 TSI HIGHLINE,1400
VOLKSWAGEN,JETTA,280 TSI TRENDLINE,1400
VOLKSWAGEN,JETTA,TSI,1400
VOLKSWAGEN,JETTA,TSI CLUB EDITION,1400
VOLKSWAGEN,JETTA,TSI SPORT EDITION,1400
VOLKSWAGEN,JETTA,TSI,2000
VOLKSWAGEN,PASSAT,280 TSI COMFORTLINE,1800
VOLKSWAGEN,PASSAT,280 TSI COMFORTLINE PLUS,1800
VOLKSWAGEN,PASSAT,280 TSI SOUND STYLE COMFORTLINE,1800
VOLKSWAGEN,PASSAT,280 TSI TRENDLINE,1800
VOLKSWAGEN,PASSAT,280 TSI TRENDLINE PLUS,1800
VOLKSWAGEN,PASSAT,TSI,1800
VOLKSWAGEN,PASSAT,TSI SPORT,1800
VOLKSWAGEN,PASSAT,380 TSI HIGHLINE,2000
VOLKSWAGEN,PASSAT,380 TSI SOUND STYLE HIGHLINE,2000
VOLKSWAGEN,PASSAT,CC TSI,2000
VOLKSWAGEN,PASSAT,CC TSI COMFORTLINE,2000
VOLKSWAGEN,PASSAT,ELEGANCE,2000
VOLKSWAGEN,PASSAT,FSI,2000
VOLKSWAGEN,PASSAT,R-LINE,2000
VOLKSWAGEN,POLO,TSI,1200
VOLKSWAGEN,POLO,TSI SPORT,1200
VOLKSWAGEN,POLO,GTI,1400
VOLKSWAGEN,POLO,TROPHY,1500
VOLKSWAGEN,POLO,ALLSTAR,1600
VOLKSWAGEN,POLO,BLACK & WHITE,1600
VOLKSWAGEN,POLO,COMFORTLINE,1600
VOLKSWAGEN,POLO,COMFORTLINE VIENNA,1600
VOLKSWAGEN,POLO,TROPHY,1600
VOLKSWAGEN,POLO,GTI,2000
VOLKSWAGEN,SCIROCCO,TSI,1400
VOLKSWAGEN,SCIROCCO,GT,2000
VOLKSWAGEN,SCIROCCO,R,2000
VOLKSWAGEN,SCIROCCO,TSI,2000
VOLKSWAGEN,SCIROCCO,TSI GT,2000
VOLKSWAGEN,SCIROCCO,TSI SPORT,2000
VOLKSWAGEN,SHARAN,TSI STANDARD,2000
VOLKSWAGEN,SHARAN,TSI TECH SPEC,2000
VOLKSWAGEN,T-CROSS,TSI,1000
VOLKSWAGEN,T-ROC,TSI STYLE DESIGN PACKAGE,1500
VOLKSWAGEN,TIGUAN,280 TSI COMFORTLINE,1400
VOLKSWAGEN,TIGUAN,280 TSI HIGHLINE,1400
VOLKSWAGEN,TIGUAN,280 TSI SOUND STYLE HIGHLINE,1400
VOLKSWAGEN,TIGUAN,ALLSPACE ELEGANCE,1400
VOLKSWAGEN,TIGUAN,ALLSPACE ELEGANCE IQ.DRIVE,1400
VOLKSWAGEN,TIGUAN,ALLSPACE HIGHLINE,1400
VOLKSWAGEN,TIGUAN,ALLSPACE LIFE,1400
VOLKSWAGEN,TIGUAN,ALLSPACE LIFE IQ.DRIVE,1400
VOLKSWAGEN,TIGUAN,TSI,1400
VOLKSWAGEN,TIGUAN,ALLSPACE R-LINE 4MOTION,2000
VOLKSWAGEN,TIGUAN,ALLSPACE R-LINE 4MOTION IQ.DRIVE,2000
VOLKSWAGEN,TIGUAN,TSI,2000
VOLKSWAGEN,TIGUAN ALLSPACE,NO_VARIANT,1400
VOLKSWAGEN,TIGUAN ALLSPACE,NO_VARIANT,2000
VOLKSWAGEN,TOUAREG,R-LINE,3000
VOLKSWAGEN,TOUAREG,V6 FSI,3600
VOLKSWAGEN,TOURAN,TSI,1400
VOLKSWAGEN,TOURAN,TSI R-LINE,1400
VOLKSWAGEN,VENTO,GT 180 TSI,1200
VOLKSWAGEN,VENTO,TSI HIGHLINE,1200
VOLKSWAGEN,VENTO,ALLSTAR,1600
VOLKSWAGEN,VENTO,COMFORT,1600
VOLKSWAGEN,VENTO,TRENDLINE,1600
VOLKSWAGEN,VENTO,TSI HIGHLINE,2400
VOLVO,C30,NO_VARIANT,2000
VOLVO,C40,RECHARGE P8,0
VOLVO,C40,RECHARGE ULTIMATE,0
VOLVO,EX30,PLUS,0
VOLVO,EX30,ULTRA TWIN PERFORMANCE,0
VOLVO,S40,NO_VARIANT,2000
VOLVO,S40,NO_VARIANT,2400
VOLVO,S60,T4,1600
VOLVO,S60,LPT,2000
VOLVO,S60,RECHARGE T8,2000
VOLVO,S60,RECHARGE T8 PHEV,2000
VOLVO,S60,RECHARGE T8 R-DESIGN,2000
VOLVO,S60,T5,2000
VOLVO,S60,T6 DRIVE E,2000
VOLVO,S60,T8,2000
VOLVO,S80,NO_VARIANT,2000
VOLVO,S80,NO_VARIANT,2500
VOLVO,S90,RECHARGE T8 INSCRIPTION PLUS,2000
VOLVO,S90,RECHARGE T8 PHEV,2000
VOLVO,S90,T5,2000
VOLVO,S90,T5 MOMENTUM,2000
VOLVO,S90,T8 INSCRIPTION,2000
VOLVO,S90,T8 INSCRIPTION PLUS,2000
VOLVO,V40,T4,1600
VOLVO,V40,T4,2000
VOLVO,V40,T5,2000
VOLVO,V40,T5 DRIVE E,2000
VOLVO,V40,T5 R-DESIGN,2000
VOLVO,V40 CROSS COUNTRY,T5,2000
VOLVO,V50,T5,2500
VOLVO,V60,T4,1600
VOLVO,V60,RECHARGE T8 INSCRIPTION,2000
VOLVO,V60,RECHARGE T8 PHEV,2000
VOLVO,V90,NO_VARIANT,2000
VOLVO,XC40,RECHARGE P8,0
VOLVO,XC40,RECHARGE P8 ULTIMATE,0
VOLVO,XC40,RECHARGE T5 R-DESIGN,1500
VOLVO,XC40,RECHARGE T5 ULTIMATE,1500
VOLVO,XC40,B5 ULTIMATE,2000
VOLVO,XC40,T5 R-DESIGN,2000
VOLVO,XC40 2.0 T5 RDESIGN,NO_VARIANT,2000
VOLVO,XC60,B5 PLUS,2000
VOLVO,XC60,RECHARGE T8 INSCRIPTION PLUS,2000
VOLVO,XC60,RECHARGE T8 ULTIMATE,2000
VOLVO,XC60,T5,2000
VOLVO,XC60,T5 MOMENTUM,2000
VOLVO,XC60,T6,2000
VOLVO,XC60,T8,2000
VOLVO,XC90,B5 INSCRIPTION PLUS,2000
VOLVO,XC90,B5 MILD HYBRID,2000
VOLVO,XC90,RECHARGE T8 INSCRIPTION PLUS,2000
VOLVO,XC90,RECHARGE T8 PHEV,2000
VOLVO,XC90,T5 MOMENTUM,2000
VOLVO,XC90,T8,2000
VOLVO,XC90,D5,2400
VOLVO,XC90,T8,2500
WESTSTAR,MAXUS,G10,2000
WESTSTAR,MAXUS,V80,2500
WESTSTAR MAXUS,G10,NO_VARIANT,2000
XPENG,G6,580 PRO STD RANGE,0
XPENG,G6,755 PRO LONG RANGE,0
